Action,F,83,BLURAY,18.0
Animation,F,77,BLURAY,18.0
Biography,F,139,BLURAY,18.0
Comedy,F,580,BLURAY,18.0
Crime,F,73,BLURAY,18.0
Documentary,F,90,BLURAY,18.0
Drama,F,433,BLURAY,18.0
Family,F,89,BLURAY,18.0
Fantasy,F,65,BLURAY,18.0
History,F,96,BLURAY,18.0
Musical,F,1551,BLURAY,18.0
Mystery,F,87,BLURAY,18.0
Romance,F,72,BLURAY,18.0
Short,F,97,BLURAY,18.0
Thriller,F,66,BLURAY,18.0
War,F,2,BLURAY,18.0
Action,F,109,DVD,18.0
Animation,F,78,DVD,18.0
Biography,F,151,DVD,18.0
Comedy,F,650,DVD,18.0
Crime,F,102,DVD,18.0
Documentary,F,112,DVD,18.0
Drama,F,560,DVD,18.0
Family,F,109,DVD,18.0
Fantasy,F,95,DVD,18.0
History,F,108,DVD,18.0
Musical,F,1809,DVD,18.0
Mystery,F,102,DVD,18.0
Romance,F,106,DVD,18.0
Short,F,76,DVD,18.0
Thriller,F,121,DVD,18.0
War,F,2,DVD,18.0
Comedy,F,1,VHS,18.0
Musical,F,2,VHS,18.0
Drama,F,1,,19.0
Family,F,1,,19.0
Action,F,89,BLURAY,19.0
Animation,F,94,BLURAY,19.0
Biography,F,173,BLURAY,19.0
Comedy,F,731,BLURAY,19.0
Crime,F,96,BLURAY,19.0
Documentary,F,94,BLURAY,19.0
Drama,F,519,BLURAY,19.0
Family,F,96,BLURAY,19.0
Fantasy,F,86,BLURAY,19.0
History,F,113,BLURAY,19.0
Horror,F,1,BLURAY,19.0
Musical,F,1927,BLURAY,19.0
Mystery,F,100,BLURAY,19.0
Romance,F,100,BLURAY,19.0
Short,F,96,BLURAY,19.0
Thriller,F,100,BLURAY,19.0
War,F,6,BLURAY,19.0
Action,F,131,DVD,19.0
Animation,F,108,DVD,19.0
Biography,F,206,DVD,19.0
Comedy,F,822,DVD,19.0
Crime,F,135,DVD,19.0
Documentary,F,128,DVD,19.0
Drama,F,700,DVD,19.0
Family,F,150,DVD,19.0
Fantasy,F,104,DVD,19.0
History,F,146,DVD,19.0
Musical,F,2195,DVD,19.0
Mystery,F,132,DVD,19.0
Romance,F,127,DVD,19.0
Short,F,110,DVD,19.0
Thriller,F,118,DVD,19.0
Action,F,103,BLURAY,20.0
Animation,F,101,BLURAY,20.0
Biography,F,140,BLURAY,20.0
Comedy,F,746,BLURAY,20.0
Crime,F,92,BLURAY,20.0
Documentary,F,96,BLURAY,20.0
Drama,F,496,BLURAY,20.0
Family,F,114,BLURAY,20.0
Fantasy,F,90,BLURAY,20.0
History,F,87,BLURAY,20.0
Musical,F,1846,BLURAY,20.0
Mystery,F,85,BLURAY,20.0
Romance,F,108,BLURAY,20.0
Sci-Fi,F,1,BLURAY,20.0
Short,F,114,BLURAY,20.0
Thriller,F,111,BLURAY,20.0
War,F,3,BLURAY,20.0
Action,F,110,DVD,20.0
Animation,F,120,DVD,20.0
Biography,F,152,DVD,20.0
Comedy,F,920,DVD,20.0
Crime,F,111,DVD,20.0
Documentary,F,116,DVD,20.0
Drama,F,682,DVD,20.0
Family,F,121,DVD,20.0
Fantasy,F,129,DVD,20.0
History,F,136,DVD,20.0
Musical,F,2252,DVD,20.0
Mystery,F,143,DVD,20.0
Romance,F,131,DVD,20.0
Short,F,122,DVD,20.0
Thriller,F,133,DVD,20.0
War,F,5,DVD,20.0
Musical,F,1,VHS,20.0
Action,F,120,BLURAY,21.0
Animation,F,99,BLURAY,21.0
Biography,F,164,BLURAY,21.0
Comedy,F,805,BLURAY,21.0
Crime,F,129,BLURAY,21.0
Documentary,F,107,BLURAY,21.0
Drama,F,629,BLURAY,21.0
Family,F,117,BLURAY,21.0
Fantasy,F,106,BLURAY,21.0
History,F,149,BLURAY,21.0
Musical,F,2157,BLURAY,21.0
Mystery,F,110,BLURAY,21.0
Romance,F,107,BLURAY,21.0
Short,F,134,BLURAY,21.0
Thriller,F,97,BLURAY,21.0
War,F,6,BLURAY,21.0
Action,F,138,DVD,21.0
Animation,F,134,DVD,21.0
Biography,F,221,DVD,21.0
Comedy,F,1006,DVD,21.0
Crime,F,137,DVD,21.0
Documentary,F,139,DVD,21.0
Drama,F,760,DVD,21.0
Family,F,141,DVD,21.0
Fantasy,F,124,DVD,21.0
History,F,127,DVD,21.0
Musical,F,2575,DVD,21.0
Mystery,F,135,DVD,21.0
Romance,F,130,DVD,21.0
Short,F,119,DVD,21.0
Thriller,F,115,DVD,21.0
War,F,2,DVD,21.0
Thriller,F,1,,22.0
Action,F,111,BLURAY,22.0
Animation,F,102,BLURAY,22.0
Biography,F,159,BLURAY,22.0
Comedy,F,802,BLURAY,22.0
Crime,F,93,BLURAY,22.0
Documentary,F,94,BLURAY,22.0
Drama,F,593,BLURAY,22.0
Family,F,95,BLURAY,22.0
Fantasy,F,113,BLURAY,22.0
History,F,105,BLURAY,22.0
Musical,F,2079,BLURAY,22.0
Mystery,F,123,BLURAY,22.0
Romance,F,128,BLURAY,22.0
Sci-Fi,F,1,BLURAY,22.0
Short,F,85,BLURAY,22.0
Thriller,F,100,BLURAY,22.0
War,F,4,BLURAY,22.0
Action,F,152,DVD,22.0
Animation,F,126,DVD,22.0
Biography,F,203,DVD,22.0
Comedy,F,926,DVD,22.0
Crime,F,150,DVD,22.0
Documentary,F,150,DVD,22.0
Drama,F,751,DVD,22.0
Family,F,143,DVD,22.0
Fantasy,F,132,DVD,22.0
History,F,154,DVD,22.0
Musical,F,2384,DVD,22.0
Mystery,F,148,DVD,22.0
Romance,F,132,DVD,22.0
Short,F,140,DVD,22.0
Thriller,F,139,DVD,22.0
War,F,4,DVD,22.0
Musical,F,1,VHS,22.0
Drama,F,1,,23.0
Action,F,110,BLURAY,23.0
Animation,F,109,BLURAY,23.0
Biography,F,172,BLURAY,23.0
Comedy,F,857,BLURAY,23.0
Crime,F,128,BLURAY,23.0
Documentary,F,117,BLURAY,23.0
Drama,F,590,BLURAY,23.0
Family,F,118,BLURAY,23.0
Fantasy,F,106,BLURAY,23.0
History,F,106,BLURAY,23.0
Musical,F,2072,BLURAY,23.0
Mystery,F,104,BLURAY,23.0
Romance,F,105,BLURAY,23.0
Short,F,108,BLURAY,23.0
Thriller,F,124,BLURAY,23.0
War,F,7,BLURAY,23.0
Action,F,145,DVD,23.0
Animation,F,124,DVD,23.0
Biography,F,225,DVD,23.0
Comedy,F,1011,DVD,23.0
Crime,F,152,DVD,23.0
Documentary,F,117,DVD,23.0
Drama,F,738,DVD,23.0
Family,F,169,DVD,23.0
Fantasy,F,131,DVD,23.0
History,F,154,DVD,23.0
Musical,F,2546,DVD,23.0
Mystery,F,151,DVD,23.0
Romance,F,143,DVD,23.0
Sci-Fi,F,1,DVD,23.0
Short,F,138,DVD,23.0
Thriller,F,139,DVD,23.0
War,F,3,DVD,23.0
Musical,F,1,VHS,23.0
Action,F,103,BLURAY,24.0
Animation,F,122,BLURAY,24.0
Biography,F,178,BLURAY,24.0
Comedy,F,791,BLURAY,24.0
Crime,F,108,BLURAY,24.0
Documentary,F,125,BLURAY,24.0
Drama,F,659,BLURAY,24.0
Family,F,115,BLURAY,24.0
Fantasy,F,111,BLURAY,24.0
History,F,104,BLURAY,24.0
Musical,F,2161,BLURAY,24.0
Mystery,F,118,BLURAY,24.0
Romance,F,110,BLURAY,24.0
Sci-Fi,F,1,BLURAY,24.0
Short,F,119,BLURAY,24.0
Thriller,F,104,BLURAY,24.0
War,F,2,BLURAY,24.0
Action,F,134,DVD,24.0
Animation,F,129,DVD,24.0
Biography,F,214,DVD,24.0
Comedy,F,989,DVD,24.0
Crime,F,144,DVD,24.0
Documentary,F,137,DVD,24.0
Drama,F,793,DVD,24.0
Family,F,147,DVD,24.0
Fantasy,F,118,DVD,24.0
History,F,140,DVD,24.0
Musical,F,2510,DVD,24.0
Mystery,F,162,DVD,24.0
Romance,F,136,DVD,24.0
Short,F,151,DVD,24.0
Thriller,F,137,DVD,24.0
War,F,3,DVD,24.0
Musical,F,1,,25.0
Action,F,117,BLURAY,25.0
Animation,F,120,BLURAY,25.0
Biography,F,189,BLURAY,25.0
Comedy,F,836,BLURAY,25.0
Crime,F,135,BLURAY,25.0
Documentary,F,101,BLURAY,25.0
Drama,F,607,BLURAY,25.0
Family,F,116,BLURAY,25.0
Fantasy,F,133,BLURAY,25.0
History,F,111,BLURAY,25.0
Musical,F,2215,BLURAY,25.0
Mystery,F,116,BLURAY,25.0
Romance,F,135,BLURAY,25.0
Sci-Fi,F,1,BLURAY,25.0
Short,F,142,BLURAY,25.0
Thriller,F,106,BLURAY,25.0
War,F,3,BLURAY,25.0
Action,F,159,DVD,25.0
Animation,F,122,DVD,25.0
Biography,F,229,DVD,25.0
Comedy,F,1004,DVD,25.0
Crime,F,128,DVD,25.0
Documentary,F,129,DVD,25.0
Drama,F,839,DVD,25.0
Family,F,154,DVD,25.0
Fantasy,F,121,DVD,25.0
History,F,149,DVD,25.0
Musical,F,2576,DVD,25.0
Mystery,F,115,DVD,25.0
Romance,F,149,DVD,25.0
Short,F,141,DVD,25.0
Thriller,F,152,DVD,25.0
War,F,1,DVD,25.0
Comedy,F,1,VHS,25.0
Action,F,115,BLURAY,26.0
Animation,F,99,BLURAY,26.0
Biography,F,183,BLURAY,26.0
Comedy,F,885,BLURAY,26.0
Crime,F,114,BLURAY,26.0
Documentary,F,116,BLURAY,26.0
Drama,F,632,BLURAY,26.0
Family,F,102,BLURAY,26.0
Fantasy,F,103,BLURAY,26.0
History,F,111,BLURAY,26.0
Musical,F,2291,BLURAY,26.0
Mystery,F,119,BLURAY,26.0
Romance,F,118,BLURAY,26.0
Sci-Fi,F,1,BLURAY,26.0
Short,F,108,BLURAY,26.0
Thriller,F,120,BLURAY,26.0
War,F,3,BLURAY,26.0
Action,F,136,DVD,26.0
Animation,F,139,DVD,26.0
Biography,F,232,DVD,26.0
Comedy,F,1098,DVD,26.0
Crime,F,167,DVD,26.0
Documentary,F,176,DVD,26.0
Drama,F,829,DVD,26.0
Family,F,146,DVD,26.0
Fantasy,F,148,DVD,26.0
History,F,143,DVD,26.0
Horror,F,1,DVD,26.0
Musical,F,2628,DVD,26.0
Mystery,F,150,DVD,26.0
Romance,F,160,DVD,26.0
Short,F,144,DVD,26.0
Thriller,F,149,DVD,26.0
War,F,1,DVD,26.0
Musical,F,1,,27.0
Action,F,110,BLURAY,27.0
Animation,F,122,BLURAY,27.0
Biography,F,188,BLURAY,27.0
Comedy,F,815,BLURAY,27.0
Crime,F,121,BLURAY,27.0
Documentary,F,126,BLURAY,27.0
Drama,F,703,BLURAY,27.0
Family,F,125,BLURAY,27.0
Fantasy,F,111,BLURAY,27.0
History,F,145,BLURAY,27.0
Musical,F,2277,BLURAY,27.0
Mystery,F,134,BLURAY,27.0
Romance,F,135,BLURAY,27.0
Short,F,115,BLURAY,27.0
Thriller,F,127,BLURAY,27.0
War,F,2,BLURAY,27.0
Action,F,139,DVD,27.0
Animation,F,127,DVD,27.0
Biography,F,231,DVD,27.0
Comedy,F,1088,DVD,27.0
Crime,F,125,DVD,27.0
Documentary,F,148,DVD,27.0
Drama,F,922,DVD,27.0
Family,F,141,DVD,27.0
Fantasy,F,119,DVD,27.0
History,F,156,DVD,27.0
Musical,F,2577,DVD,27.0
Mystery,F,167,DVD,27.0
Romance,F,150,DVD,27.0
Sci-Fi,F,2,DVD,27.0
Short,F,150,DVD,27.0
Thriller,F,150,DVD,27.0
War,F,3,DVD,27.0
Comedy,F,2,VHS,27.0
Comedy,F,1,,28.0
Short,F,1,,28.0
Action,F,138,BLURAY,28.0
Animation,F,108,BLURAY,28.0
Biography,F,176,BLURAY,28.0
Comedy,F,898,BLURAY,28.0
Crime,F,132,BLURAY,28.0
Documentary,F,113,BLURAY,28.0
Drama,F,689,BLURAY,28.0
Family,F,128,BLURAY,28.0
Fantasy,F,108,BLURAY,28.0
History,F,128,BLURAY,28.0
Musical,F,2313,BLURAY,28.0
Mystery,F,120,BLURAY,28.0
Romance,F,113,BLURAY,28.0
Short,F,108,BLURAY,28.0
Thriller,F,129,BLURAY,28.0
War,F,1,BLURAY,28.0
Action,F,140,DVD,28.0
Animation,F,144,DVD,28.0
Biography,F,234,DVD,28.0
Comedy,F,1054,DVD,28.0
Crime,F,149,DVD,28.0
Documentary,F,150,DVD,28.0
Drama,F,843,DVD,28.0
Family,F,155,DVD,28.0
Fantasy,F,139,DVD,28.0
History,F,167,DVD,28.0
Musical,F,2666,DVD,28.0
Mystery,F,156,DVD,28.0
Romance,F,159,DVD,28.0
Short,F,172,DVD,28.0
Thriller,F,133,DVD,28.0
War,F,3,DVD,28.0
Action,F,119,BLURAY,29.0
Animation,F,118,BLURAY,29.0
Biography,F,186,BLURAY,29.0
Comedy,F,900,BLURAY,29.0
Crime,F,126,BLURAY,29.0
Documentary,F,127,BLURAY,29.0
Drama,F,662,BLURAY,29.0
Family,F,128,BLURAY,29.0
Fantasy,F,110,BLURAY,29.0
History,F,121,BLURAY,29.0
Musical,F,2312,BLURAY,29.0
Mystery,F,112,BLURAY,29.0
Romance,F,109,BLURAY,29.0
Short,F,109,BLURAY,29.0
Thriller,F,133,BLURAY,29.0
War,F,2,BLURAY,29.0
Action,F,133,DVD,29.0
Animation,F,153,DVD,29.0
Biography,F,228,DVD,29.0
Comedy,F,1123,DVD,29.0
Crime,F,152,DVD,29.0
Documentary,F,138,DVD,29.0
Drama,F,891,DVD,29.0
Family,F,158,DVD,29.0
Fantasy,F,158,DVD,29.0
History,F,153,DVD,29.0
Musical,F,2755,DVD,29.0
Mystery,F,157,DVD,29.0
Romance,F,154,DVD,29.0
Short,F,156,DVD,29.0
Thriller,F,157,DVD,29.0
War,F,3,DVD,29.0
Western,F,1,DVD,29.0
Musical,F,2,VHS,29.0
Action,F,122,BLURAY,30.0
Animation,F,127,BLURAY,30.0
Biography,F,164,BLURAY,30.0
Comedy,F,880,BLURAY,30.0
Crime,F,135,BLURAY,30.0
Documentary,F,136,BLURAY,30.0
Drama,F,668,BLURAY,30.0
Family,F,117,BLURAY,30.0
Fantasy,F,113,BLURAY,30.0
History,F,122,BLURAY,30.0
Musical,F,2313,BLURAY,30.0
Mystery,F,115,BLURAY,30.0
Romance,F,117,BLURAY,30.0
Short,F,130,BLURAY,30.0
Thriller,F,130,BLURAY,30.0
War,F,5,BLURAY,30.0
Action,F,144,DVD,30.0
Animation,F,129,DVD,30.0
Biography,F,227,DVD,30.0
Comedy,F,1071,DVD,30.0
Crime,F,153,DVD,30.0
Documentary,F,148,DVD,30.0
Drama,F,886,DVD,30.0
Family,F,136,DVD,30.0
Fantasy,F,147,DVD,30.0
History,F,136,DVD,30.0
Musical,F,2763,DVD,30.0
Mystery,F,145,DVD,30.0
Romance,F,176,DVD,30.0
Short,F,142,DVD,30.0
Thriller,F,153,DVD,30.0
War,F,6,DVD,30.0
Action,F,129,BLURAY,31.0
Animation,F,121,BLURAY,31.0
Biography,F,197,BLURAY,31.0
Comedy,F,905,BLURAY,31.0
Crime,F,114,BLURAY,31.0
Documentary,F,96,BLURAY,31.0
Drama,F,694,BLURAY,31.0
Family,F,138,BLURAY,31.0
Fantasy,F,106,BLURAY,31.0
History,F,134,BLURAY,31.0
Musical,F,2368,BLURAY,31.0
Mystery,F,130,BLURAY,31.0
Romance,F,134,BLURAY,31.0
Short,F,94,BLURAY,31.0
Thriller,F,115,BLURAY,31.0
War,F,4,BLURAY,31.0
Action,F,147,DVD,31.0
Animation,F,141,DVD,31.0
Biography,F,230,DVD,31.0
Comedy,F,1091,DVD,31.0
Crime,F,162,DVD,31.0
Documentary,F,127,DVD,31.0
Drama,F,851,DVD,31.0
Family,F,164,DVD,31.0
Fantasy,F,140,DVD,31.0
History,F,136,DVD,31.0
Horror,F,1,DVD,31.0
Musical,F,2810,DVD,31.0
Mystery,F,152,DVD,31.0
Romance,F,135,DVD,31.0
Sci-Fi,F,2,DVD,31.0
Short,F,136,DVD,31.0
Thriller,F,162,DVD,31.0
War,F,1,DVD,31.0
Drama,F,1,VHS,31.0
Comedy,F,2,,32.0
Musical,F,1,,32.0
Action,F,100,BLURAY,32.0
Animation,F,113,BLURAY,32.0
Biography,F,205,BLURAY,32.0
Comedy,F,930,BLURAY,32.0
Crime,F,122,BLURAY,32.0
Documentary,F,110,BLURAY,32.0
Drama,F,647,BLURAY,32.0
Family,F,146,BLURAY,32.0
Fantasy,F,118,BLURAY,32.0
History,F,123,BLURAY,32.0
Horror,F,1,BLURAY,32.0
Musical,F,2329,BLURAY,32.0
Mystery,F,132,BLURAY,32.0
Romance,F,116,BLURAY,32.0
Sci-Fi,F,1,BLURAY,32.0
Short,F,111,BLURAY,32.0
Thriller,F,124,BLURAY,32.0
War,F,3,BLURAY,32.0
Action,F,129,DVD,32.0
Animation,F,128,DVD,32.0
Biography,F,231,DVD,32.0
Comedy,F,1069,DVD,32.0
Crime,F,171,DVD,32.0
Documentary,F,159,DVD,32.0
Drama,F,834,DVD,32.0
Family,F,166,DVD,32.0
Fantasy,F,141,DVD,32.0
History,F,148,DVD,32.0
Musical,F,2634,DVD,32.0
Mystery,F,137,DVD,32.0
Romance,F,126,DVD,32.0
Short,F,165,DVD,32.0
Thriller,F,138,DVD,32.0
War,F,6,DVD,32.0
Drama,F,1,VHS,32.0
Comedy,F,1,,33.0
Action,F,112,BLURAY,33.0
Animation,F,132,BLURAY,33.0
Biography,F,188,BLURAY,33.0
Comedy,F,826,BLURAY,33.0
Crime,F,126,BLURAY,33.0
Documentary,F,127,BLURAY,33.0
Drama,F,729,BLURAY,33.0
Family,F,114,BLURAY,33.0
Fantasy,F,139,BLURAY,33.0
History,F,115,BLURAY,33.0
Musical,F,2224,BLURAY,33.0
Mystery,F,110,BLURAY,33.0
Romance,F,108,BLURAY,33.0
Short,F,144,BLURAY,33.0
Thriller,F,125,BLURAY,33.0
War,F,4,BLURAY,33.0
Action,F,179,DVD,33.0
Animation,F,153,DVD,33.0
Biography,F,213,DVD,33.0
Comedy,F,1106,DVD,33.0
Crime,F,139,DVD,33.0
Documentary,F,149,DVD,33.0
Drama,F,851,DVD,33.0
Family,F,155,DVD,33.0
Fantasy,F,143,DVD,33.0
History,F,144,DVD,33.0
Musical,F,2724,DVD,33.0
Mystery,F,160,DVD,33.0
Romance,F,140,DVD,33.0
Short,F,132,DVD,33.0
Thriller,F,152,DVD,33.0
War,F,5,DVD,33.0
Comedy,F,1,,34.0
Short,F,1,,34.0
Action,F,127,BLURAY,34.0
Animation,F,116,BLURAY,34.0
Biography,F,160,BLURAY,34.0
Comedy,F,853,BLURAY,34.0
Crime,F,134,BLURAY,34.0
Documentary,F,122,BLURAY,34.0
Drama,F,634,BLURAY,34.0
Family,F,115,BLURAY,34.0
Fantasy,F,113,BLURAY,34.0
History,F,125,BLURAY,34.0
Horror,F,1,BLURAY,34.0
Musical,F,2209,BLURAY,34.0
Mystery,F,125,BLURAY,34.0
Romance,F,107,BLURAY,34.0
Short,F,111,BLURAY,34.0
Thriller,F,108,BLURAY,34.0
War,F,4,BLURAY,34.0
Action,F,139,DVD,34.0
Animation,F,143,DVD,34.0
Biography,F,219,DVD,34.0
Comedy,F,1034,DVD,34.0
Crime,F,166,DVD,34.0
Documentary,F,146,DVD,34.0
Drama,F,852,DVD,34.0
Family,F,147,DVD,34.0
Fantasy,F,153,DVD,34.0
History,F,136,DVD,34.0
Musical,F,2541,DVD,34.0
Mystery,F,144,DVD,34.0
Romance,F,127,DVD,34.0
Sci-Fi,F,1,DVD,34.0
Short,F,155,DVD,34.0
Thriller,F,148,DVD,34.0
War,F,6,DVD,34.0
Drama,F,2,VHS,34.0
Musical,F,2,VHS,34.0
Musical,F,2,,35.0
Action,F,118,BLURAY,35.0
Animation,F,123,BLURAY,35.0
Biography,F,199,BLURAY,35.0
Comedy,F,874,BLURAY,35.0
Crime,F,121,BLURAY,35.0
Documentary,F,118,BLURAY,35.0
Drama,F,606,BLURAY,35.0
Family,F,122,BLURAY,35.0
Fantasy,F,106,BLURAY,35.0
History,F,125,BLURAY,35.0
Musical,F,2255,BLURAY,35.0
Mystery,F,113,BLURAY,35.0
Romance,F,118,BLURAY,35.0
Sci-Fi,F,1,BLURAY,35.0
Short,F,102,BLURAY,35.0
Thriller,F,103,BLURAY,35.0
War,F,4,BLURAY,35.0
Action,F,175,DVD,35.0
Animation,F,149,DVD,35.0
Biography,F,223,DVD,35.0
Comedy,F,1039,DVD,35.0
Crime,F,143,DVD,35.0
Documentary,F,155,DVD,35.0
Drama,F,830,DVD,35.0
Family,F,161,DVD,35.0
Fantasy,F,141,DVD,35.0
History,F,145,DVD,35.0
Horror,F,1,DVD,35.0
Musical,F,2513,DVD,35.0
Mystery,F,149,DVD,35.0
Romance,F,137,DVD,35.0
Short,F,158,DVD,35.0
Thriller,F,131,DVD,35.0
War,F,2,DVD,35.0
Comedy,F,1,VHS,35.0
Musical,F,1,VHS,35.0
Musical,F,2,,36.0
Action,F,104,BLURAY,36.0
Animation,F,120,BLURAY,36.0
Biography,F,172,BLURAY,36.0
Comedy,F,854,BLURAY,36.0
Crime,F,114,BLURAY,36.0
Documentary,F,115,BLURAY,36.0
Drama,F,648,BLURAY,36.0
Family,F,120,BLURAY,36.0
Fantasy,F,99,BLURAY,36.0
History,F,129,BLURAY,36.0
Musical,F,2134,BLURAY,36.0
Mystery,F,103,BLURAY,36.0
Romance,F,98,BLURAY,36.0
Short,F,122,BLURAY,36.0
Thriller,F,110,BLURAY,36.0
War,F,5,BLURAY,36.0
Action,F,121,DVD,36.0
Animation,F,119,DVD,36.0
Biography,F,174,DVD,36.0
Comedy,F,940,DVD,36.0
Crime,F,163,DVD,36.0
Documentary,F,133,DVD,36.0
Drama,F,832,DVD,36.0
Family,F,135,DVD,36.0
Fantasy,F,124,DVD,36.0
History,F,159,DVD,36.0
Musical,F,2524,DVD,36.0
Mystery,F,129,DVD,36.0
Romance,F,140,DVD,36.0
Short,F,131,DVD,36.0
Thriller,F,146,DVD,36.0
War,F,5,DVD,36.0
Drama,F,1,VHS,36.0
Musical,F,1,VHS,36.0
Short,F,1,VHS,36.0
Musical,F,1,,37.0
Action,F,118,BLURAY,37.0
Animation,F,107,BLURAY,37.0
Biography,F,174,BLURAY,37.0
Comedy,F,786,BLURAY,37.0
Crime,F,117,BLURAY,37.0
Documentary,F,104,BLURAY,37.0
Drama,F,581,BLURAY,37.0
Family,F,116,BLURAY,37.0
Fantasy,F,114,BLURAY,37.0
History,F,120,BLURAY,37.0
Musical,F,2122,BLURAY,37.0
Mystery,F,123,BLURAY,37.0
Romance,F,99,BLURAY,37.0
Short,F,117,BLURAY,37.0
Thriller,F,86,BLURAY,37.0
War,F,4,BLURAY,37.0
Action,F,121,DVD,37.0
Animation,F,133,DVD,37.0
Biography,F,230,DVD,37.0
Comedy,F,993,DVD,37.0
Crime,F,166,DVD,37.0
Documentary,F,138,DVD,37.0
Drama,F,768,DVD,37.0
Family,F,130,DVD,37.0
Fantasy,F,128,DVD,37.0
History,F,137,DVD,37.0
Horror,F,1,DVD,37.0
Musical,F,2502,DVD,37.0
Mystery,F,128,DVD,37.0
Romance,F,139,DVD,37.0
Sci-Fi,F,1,DVD,37.0
Short,F,134,DVD,37.0
Thriller,F,138,DVD,37.0
War,F,2,DVD,37.0
Action,F,90,BLURAY,38.0
Animation,F,110,BLURAY,38.0
Biography,F,149,BLURAY,38.0
Comedy,F,739,BLURAY,38.0
Crime,F,96,BLURAY,38.0
Documentary,F,98,BLURAY,38.0
Drama,F,618,BLURAY,38.0
Family,F,102,BLURAY,38.0
Fantasy,F,96,BLURAY,38.0
History,F,103,BLURAY,38.0
Musical,F,2100,BLURAY,38.0
Mystery,F,110,BLURAY,38.0
Romance,F,95,BLURAY,38.0
Short,F,82,BLURAY,38.0
Thriller,F,116,BLURAY,38.0
War,F,4,BLURAY,38.0
Action,F,140,DVD,38.0
Animation,F,140,DVD,38.0
Biography,F,209,DVD,38.0
Comedy,F,891,DVD,38.0
Crime,F,131,DVD,38.0
Documentary,F,146,DVD,38.0
Drama,F,781,DVD,38.0
Family,F,147,DVD,38.0
Fantasy,F,129,DVD,38.0
History,F,137,DVD,38.0
Musical,F,2390,DVD,38.0
Mystery,F,174,DVD,38.0
Romance,F,123,DVD,38.0
Short,F,131,DVD,38.0
Thriller,F,122,DVD,38.0
War,F,3,DVD,38.0
Action,F,85,BLURAY,39.0
Animation,F,102,BLURAY,39.0
Biography,F,135,BLURAY,39.0
Comedy,F,776,BLURAY,39.0
Crime,F,87,BLURAY,39.0
Documentary,F,92,BLURAY,39.0
Drama,F,579,BLURAY,39.0
Family,F,102,BLURAY,39.0
Fantasy,F,102,BLURAY,39.0
History,F,95,BLURAY,39.0
Musical,F,1945,BLURAY,39.0
Mystery,F,100,BLURAY,39.0
Romance,F,102,BLURAY,39.0
Short,F,103,BLURAY,39.0
Thriller,F,109,BLURAY,39.0
War,F,5,BLURAY,39.0
Action,F,140,DVD,39.0
Animation,F,105,DVD,39.0
Biography,F,199,DVD,39.0
Comedy,F,948,DVD,39.0
Crime,F,126,DVD,39.0
Documentary,F,116,DVD,39.0
Drama,F,729,DVD,39.0
Family,F,125,DVD,39.0
Fantasy,F,129,DVD,39.0
History,F,114,DVD,39.0
Musical,F,2229,DVD,39.0
Mystery,F,133,DVD,39.0
Romance,F,126,DVD,39.0
Short,F,143,DVD,39.0
Thriller,F,131,DVD,39.0
War,F,8,DVD,39.0
Musical,F,1,VHS,39.0
Action,F,83,BLURAY,40.0
Animation,F,102,BLURAY,40.0
Biography,F,159,BLURAY,40.0
Comedy,F,676,BLURAY,40.0
Crime,F,104,BLURAY,40.0
Documentary,F,107,BLURAY,40.0
Drama,F,577,BLURAY,40.0
Family,F,107,BLURAY,40.0
Fantasy,F,69,BLURAY,40.0
History,F,111,BLURAY,40.0
Musical,F,1911,BLURAY,40.0
Mystery,F,94,BLURAY,40.0
Romance,F,95,BLURAY,40.0
Sci-Fi,F,1,BLURAY,40.0
Short,F,102,BLURAY,40.0
Thriller,F,102,BLURAY,40.0
War,F,2,BLURAY,40.0
Action,F,130,DVD,40.0
Animation,F,111,DVD,40.0
Biography,F,210,DVD,40.0
Comedy,F,847,DVD,40.0
Crime,F,147,DVD,40.0
Documentary,F,108,DVD,40.0
Drama,F,702,DVD,40.0
Family,F,139,DVD,40.0
Fantasy,F,114,DVD,40.0
History,F,139,DVD,40.0
Musical,F,2255,DVD,40.0
Mystery,F,126,DVD,40.0
Romance,F,139,DVD,40.0
Sci-Fi,F,1,DVD,40.0
Short,F,138,DVD,40.0
Thriller,F,125,DVD,40.0
War,F,1,DVD,40.0
Drama,F,1,,41.0
Action,F,83,BLURAY,41.0
Animation,F,111,BLURAY,41.0
Biography,F,162,BLURAY,41.0
Comedy,F,702,BLURAY,41.0
Crime,F,90,BLURAY,41.0
Documentary,F,80,BLURAY,41.0
Drama,F,500,BLURAY,41.0
Family,F,101,BLURAY,41.0
Fantasy,F,86,BLURAY,41.0
History,F,78,BLURAY,41.0
Musical,F,1815,BLURAY,41.0
Mystery,F,88,BLURAY,41.0
Romance,F,94,BLURAY,41.0
Short,F,112,BLURAY,41.0
Thriller,F,103,BLURAY,41.0
War,F,3,BLURAY,41.0
Action,F,111,DVD,41.0
Animation,F,122,DVD,41.0
Biography,F,166,DVD,41.0
Comedy,F,837,DVD,41.0
Crime,F,145,DVD,41.0
Documentary,F,122,DVD,41.0
Drama,F,688,DVD,41.0
Family,F,115,DVD,41.0
Fantasy,F,96,DVD,41.0
History,F,130,DVD,41.0
Musical,F,2164,DVD,41.0
Mystery,F,131,DVD,41.0
Romance,F,129,DVD,41.0
Sci-Fi,F,1,DVD,41.0
Short,F,126,DVD,41.0
Thriller,F,114,DVD,41.0
War,F,2,DVD,41.0
History,F,1,VHS,41.0
Action,F,110,BLURAY,42.0
Animation,F,82,BLURAY,42.0
Biography,F,142,BLURAY,42.0
Comedy,F,664,BLURAY,42.0
Crime,F,108,BLURAY,42.0
Documentary,F,99,BLURAY,42.0
Drama,F,541,BLURAY,42.0
Family,F,101,BLURAY,42.0
Fantasy,F,91,BLURAY,42.0
History,F,80,BLURAY,42.0
Musical,F,1804,BLURAY,42.0
Mystery,F,114,BLURAY,42.0
Romance,F,92,BLURAY,42.0
Short,F,88,BLURAY,42.0
Thriller,F,101,BLURAY,42.0
Action,F,101,DVD,42.0
Animation,F,97,DVD,42.0
Biography,F,188,DVD,42.0
Comedy,F,802,DVD,42.0
Crime,F,124,DVD,42.0
Documentary,F,101,DVD,42.0
Drama,F,645,DVD,42.0
Family,F,137,DVD,42.0
Fantasy,F,116,DVD,42.0
History,F,124,DVD,42.0
Musical,F,1958,DVD,42.0
Mystery,F,112,DVD,42.0
Romance,F,114,DVD,42.0
Short,F,107,DVD,42.0
Thriller,F,119,DVD,42.0
War,F,1,DVD,42.0
Musical,F,1,VHS,42.0
Action,F,84,BLURAY,43.0
Animation,F,92,BLURAY,43.0
Biography,F,114,BLURAY,43.0
Comedy,F,628,BLURAY,43.0
Crime,F,82,BLURAY,43.0
Documentary,F,74,BLURAY,43.0
Drama,F,483,BLURAY,43.0
Family,F,88,BLURAY,43.0
Fantasy,F,69,BLURAY,43.0
History,F,77,BLURAY,43.0
Musical,F,1617,BLURAY,43.0
Mystery,F,89,BLURAY,43.0
Romance,F,83,BLURAY,43.0
Short,F,90,BLURAY,43.0
Thriller,F,100,BLURAY,43.0
War,F,5,BLURAY,43.0
Action,F,103,DVD,43.0
Animation,F,98,DVD,43.0
Biography,F,185,DVD,43.0
Comedy,F,780,DVD,43.0
Crime,F,121,DVD,43.0
Documentary,F,106,DVD,43.0
Drama,F,619,DVD,43.0
Family,F,121,DVD,43.0
Fantasy,F,117,DVD,43.0
History,F,98,DVD,43.0
Horror,F,2,DVD,43.0
Musical,F,1852,DVD,43.0
Mystery,F,109,DVD,43.0
Romance,F,129,DVD,43.0
Short,F,104,DVD,43.0
Thriller,F,110,DVD,43.0
War,F,2,DVD,43.0
Documentary,F,1,VHS,43.0
Action,F,60,BLURAY,44.0
Animation,F,96,BLURAY,44.0
Biography,F,117,BLURAY,44.0
Comedy,F,562,BLURAY,44.0
Crime,F,81,BLURAY,44.0
Documentary,F,74,BLURAY,44.0
Drama,F,425,BLURAY,44.0
Family,F,88,BLURAY,44.0
Fantasy,F,85,BLURAY,44.0
History,F,78,BLURAY,44.0
Musical,F,1512,BLURAY,44.0
Mystery,F,76,BLURAY,44.0
Romance,F,67,BLURAY,44.0
Short,F,82,BLURAY,44.0
Thriller,F,90,BLURAY,44.0
War,F,3,BLURAY,44.0
Action,F,99,DVD,44.0
Animation,F,97,DVD,44.0
Biography,F,165,DVD,44.0
Comedy,F,715,DVD,44.0
Crime,F,125,DVD,44.0
Documentary,F,114,DVD,44.0
Drama,F,585,DVD,44.0
Family,F,95,DVD,44.0
Fantasy,F,116,DVD,44.0
History,F,115,DVD,44.0
Musical,F,1814,DVD,44.0
Mystery,F,84,DVD,44.0
Romance,F,96,DVD,44.0
Sci-Fi,F,1,DVD,44.0
Short,F,78,DVD,44.0
Thriller,F,110,DVD,44.0
Documentary,F,1,VHS,44.0
Musical,F,2,VHS,44.0
Action,F,87,BLURAY,45.0
Animation,F,84,BLURAY,45.0
Biography,F,115,BLURAY,45.0
Comedy,F,538,BLURAY,45.0
Crime,F,74,BLURAY,45.0
Documentary,F,65,BLURAY,45.0
Drama,F,446,BLURAY,45.0
Family,F,71,BLURAY,45.0
Fantasy,F,75,BLURAY,45.0
History,F,73,BLURAY,45.0
Musical,F,1437,BLURAY,45.0
Mystery,F,82,BLURAY,45.0
Romance,F,78,BLURAY,45.0
Short,F,64,BLURAY,45.0
Thriller,F,98,BLURAY,45.0
War,F,2,BLURAY,45.0
Action,F,89,DVD,45.0
Animation,F,78,DVD,45.0
Biography,F,171,DVD,45.0
Comedy,F,665,DVD,45.0
Crime,F,85,DVD,45.0
Documentary,F,92,DVD,45.0
Drama,F,514,DVD,45.0
Family,F,91,DVD,45.0
Fantasy,F,85,DVD,45.0
History,F,113,DVD,45.0
Musical,F,1739,DVD,45.0
Mystery,F,84,DVD,45.0
Romance,F,103,DVD,45.0
Short,F,125,DVD,45.0
Thriller,F,105,DVD,45.0
War,F,3,DVD,45.0
Action,F,76,BLURAY,46.0
Animation,F,80,BLURAY,46.0
Biography,F,97,BLURAY,46.0
Comedy,F,524,BLURAY,46.0
Crime,F,64,BLURAY,46.0
Documentary,F,101,BLURAY,46.0
Drama,F,405,BLURAY,46.0
Family,F,73,BLURAY,46.0
Fantasy,F,53,BLURAY,46.0
History,F,77,BLURAY,46.0
Musical,F,1356,BLURAY,46.0
Mystery,F,73,BLURAY,46.0
Romance,F,67,BLURAY,46.0
Sci-Fi,F,1,BLURAY,46.0
Short,F,69,BLURAY,46.0
Thriller,F,73,BLURAY,46.0
Action,F,82,DVD,46.0
Animation,F,76,DVD,46.0
Biography,F,123,DVD,46.0
Comedy,F,640,DVD,46.0
Crime,F,82,DVD,46.0
Documentary,F,99,DVD,46.0
Drama,F,530,DVD,46.0
Family,F,113,DVD,46.0
Fantasy,F,70,DVD,46.0
History,F,106,DVD,46.0
Musical,F,1654,DVD,46.0
Mystery,F,91,DVD,46.0
Romance,F,66,DVD,46.0
Short,F,86,DVD,46.0
Thriller,F,94,DVD,46.0
War,F,3,DVD,46.0
Drama,F,1,VHS,46.0
Action,F,63,BLURAY,47.0
Animation,F,67,BLURAY,47.0
Biography,F,111,BLURAY,47.0
Comedy,F,489,BLURAY,47.0
Crime,F,78,BLURAY,47.0
Documentary,F,74,BLURAY,47.0
Drama,F,379,BLURAY,47.0
Family,F,87,BLURAY,47.0
Fantasy,F,69,BLURAY,47.0
History,F,87,BLURAY,47.0
Musical,F,1261,BLURAY,47.0
Mystery,F,60,BLURAY,47.0
Romance,F,73,BLURAY,47.0
Short,F,60,BLURAY,47.0
Thriller,F,74,BLURAY,47.0
War,F,3,BLURAY,47.0
Action,F,67,DVD,47.0
Animation,F,84,DVD,47.0
Biography,F,144,DVD,47.0
Comedy,F,589,DVD,47.0
Crime,F,99,DVD,47.0
Documentary,F,75,DVD,47.0
Drama,F,520,DVD,47.0
Family,F,81,DVD,47.0
Fantasy,F,76,DVD,47.0
History,F,75,DVD,47.0
Musical,F,1511,DVD,47.0
Mystery,F,88,DVD,47.0
Romance,F,77,DVD,47.0
Short,F,73,DVD,47.0
Thriller,F,89,DVD,47.0
War,F,2,DVD,47.0
Biography,F,1,VHS,47.0
Comedy,F,1,VHS,47.0
Musical,F,1,VHS,47.0
Action,F,71,BLURAY,48.0
Animation,F,54,BLURAY,48.0
Biography,F,93,BLURAY,48.0
Comedy,F,430,BLURAY,48.0
Crime,F,65,BLURAY,48.0
Documentary,F,67,BLURAY,48.0
Drama,F,372,BLURAY,48.0
Family,F,72,BLURAY,48.0
Fantasy,F,63,BLURAY,48.0
History,F,80,BLURAY,48.0
Musical,F,1271,BLURAY,48.0
Mystery,F,62,BLURAY,48.0
Romance,F,60,BLURAY,48.0
Short,F,77,BLURAY,48.0
Thriller,F,52,BLURAY,48.0
War,F,1,BLURAY,48.0
Action,F,79,DVD,48.0
Animation,F,83,DVD,48.0
Biography,F,118,DVD,48.0
Comedy,F,536,DVD,48.0
Crime,F,92,DVD,48.0
Documentary,F,62,DVD,48.0
Drama,F,480,DVD,48.0
Family,F,72,DVD,48.0
Fantasy,F,61,DVD,48.0
History,F,86,DVD,48.0
Musical,F,1358,DVD,48.0
Mystery,F,64,DVD,48.0
Romance,F,71,DVD,48.0
Short,F,98,DVD,48.0
Thriller,F,81,DVD,48.0
War,F,2,DVD,48.0
Action,F,50,BLURAY,49.0
Animation,F,54,BLURAY,49.0
Biography,F,94,BLURAY,49.0
Comedy,F,423,BLURAY,49.0
Crime,F,51,BLURAY,49.0
Documentary,F,66,BLURAY,49.0
Drama,F,333,BLURAY,49.0
Family,F,55,BLURAY,49.0
Fantasy,F,57,BLURAY,49.0
History,F,54,BLURAY,49.0
Musical,F,1143,BLURAY,49.0
Mystery,F,48,BLURAY,49.0
Romance,F,60,BLURAY,49.0
Short,F,53,BLURAY,49.0
Thriller,F,64,BLURAY,49.0
War,F,1,BLURAY,49.0
Action,F,53,DVD,49.0
Animation,F,73,DVD,49.0
Biography,F,117,DVD,49.0
Comedy,F,495,DVD,49.0
Crime,F,75,DVD,49.0
Documentary,F,67,DVD,49.0
Drama,F,447,DVD,49.0
Family,F,92,DVD,49.0
Fantasy,F,60,DVD,49.0
History,F,84,DVD,49.0
Musical,F,1275,DVD,49.0
Mystery,F,84,DVD,49.0
Romance,F,68,DVD,49.0
Short,F,70,DVD,49.0
Thriller,F,72,DVD,49.0
War,F,2,DVD,49.0
Drama,F,2,VHS,49.0
Action,F,51,BLURAY,50.0
Animation,F,55,BLURAY,50.0
Biography,F,78,BLURAY,50.0
Comedy,F,382,BLURAY,50.0
Crime,F,58,BLURAY,50.0
Documentary,F,42,BLURAY,50.0
Drama,F,287,BLURAY,50.0
Family,F,55,BLURAY,50.0
Fantasy,F,58,BLURAY,50.0
History,F,51,BLURAY,50.0
Musical,F,1059,BLURAY,50.0
Mystery,F,57,BLURAY,50.0
Romance,F,54,BLURAY,50.0
Short,F,65,BLURAY,50.0
Thriller,F,47,BLURAY,50.0
War,F,1,BLURAY,50.0
Action,F,56,DVD,50.0
Animation,F,61,DVD,50.0
Biography,F,99,DVD,50.0
Comedy,F,435,DVD,50.0
Crime,F,62,DVD,50.0
Documentary,F,74,DVD,50.0
Drama,F,381,DVD,50.0
Family,F,62,DVD,50.0
Fantasy,F,62,DVD,50.0
History,F,79,DVD,50.0
Musical,F,1289,DVD,50.0
Mystery,F,57,DVD,50.0
Romance,F,63,DVD,50.0
Short,F,71,DVD,50.0
Thriller,F,78,DVD,50.0
Action,F,69,BLURAY,51.0
Animation,F,50,BLURAY,51.0
Biography,F,67,BLURAY,51.0
Comedy,F,330,BLURAY,51.0
Crime,F,52,BLURAY,51.0
Documentary,F,52,BLURAY,51.0
Drama,F,292,BLURAY,51.0
Family,F,46,BLURAY,51.0
Fantasy,F,41,BLURAY,51.0
History,F,53,BLURAY,51.0
Musical,F,971,BLURAY,51.0
Mystery,F,52,BLURAY,51.0
Romance,F,45,BLURAY,51.0
Short,F,64,BLURAY,51.0
Thriller,F,56,BLURAY,51.0
Action,F,65,DVD,51.0
Animation,F,63,DVD,51.0
Biography,F,94,DVD,51.0
Comedy,F,439,DVD,51.0
Crime,F,68,DVD,51.0
Documentary,F,71,DVD,51.0
Drama,F,384,DVD,51.0
Family,F,63,DVD,51.0
Fantasy,F,55,DVD,51.0
History,F,50,DVD,51.0
Musical,F,1116,DVD,51.0
Mystery,F,70,DVD,51.0
Romance,F,69,DVD,51.0
Short,F,54,DVD,51.0
Thriller,F,77,DVD,51.0
War,F,2,DVD,51.0
Comedy,F,1,VHS,51.0
Comedy,F,1,,52.0
History,F,1,,52.0
Action,F,41,BLURAY,52.0
Animation,F,56,BLURAY,52.0
Biography,F,64,BLURAY,52.0
Comedy,F,362,BLURAY,52.0
Crime,F,50,BLURAY,52.0
Documentary,F,34,BLURAY,52.0
Drama,F,233,BLURAY,52.0
Family,F,41,BLURAY,52.0
Fantasy,F,41,BLURAY,52.0
History,F,55,BLURAY,52.0
Musical,F,850,BLURAY,52.0
Mystery,F,46,BLURAY,52.0
Romance,F,28,BLURAY,52.0
Short,F,46,BLURAY,52.0
Thriller,F,63,BLURAY,52.0
Action,F,55,DVD,52.0
Animation,F,60,DVD,52.0
Biography,F,82,DVD,52.0
Comedy,F,415,DVD,52.0
Crime,F,56,DVD,52.0
Documentary,F,71,DVD,52.0
Drama,F,308,DVD,52.0
Family,F,63,DVD,52.0
Fantasy,F,39,DVD,52.0
History,F,59,DVD,52.0
Musical,F,1075,DVD,52.0
Mystery,F,63,DVD,52.0
Romance,F,63,DVD,52.0
Short,F,38,DVD,52.0
Thriller,F,62,DVD,52.0
Action,F,44,BLURAY,53.0
Animation,F,47,BLURAY,53.0
Biography,F,71,BLURAY,53.0
Comedy,F,319,BLURAY,53.0
Crime,F,40,BLURAY,53.0
Documentary,F,55,BLURAY,53.0
Drama,F,272,BLURAY,53.0
Family,F,40,BLURAY,53.0
Fantasy,F,40,BLURAY,53.0
History,F,47,BLURAY,53.0
Musical,F,814,BLURAY,53.0
Mystery,F,60,BLURAY,53.0
Romance,F,46,BLURAY,53.0
Short,F,44,BLURAY,53.0
Thriller,F,34,BLURAY,53.0
Action,F,51,DVD,53.0
Animation,F,48,DVD,53.0
Biography,F,83,DVD,53.0
Comedy,F,361,DVD,53.0
Crime,F,49,DVD,53.0
Documentary,F,55,DVD,53.0
Drama,F,297,DVD,53.0
Family,F,51,DVD,53.0
Fantasy,F,47,DVD,53.0
History,F,57,DVD,53.0
Musical,F,940,DVD,53.0
Mystery,F,37,DVD,53.0
Romance,F,43,DVD,53.0
Short,F,56,DVD,53.0
Thriller,F,56,DVD,53.0
War,F,1,DVD,53.0
Musical,F,1,,54.0
Action,F,46,BLURAY,54.0
Animation,F,45,BLURAY,54.0
Biography,F,65,BLURAY,54.0
Comedy,F,275,BLURAY,54.0
Crime,F,29,BLURAY,54.0
Documentary,F,34,BLURAY,54.0
Drama,F,194,BLURAY,54.0
Family,F,31,BLURAY,54.0
Fantasy,F,40,BLURAY,54.0
History,F,46,BLURAY,54.0
Musical,F,709,BLURAY,54.0
Mystery,F,28,BLURAY,54.0
Romance,F,38,BLURAY,54.0
Short,F,25,BLURAY,54.0
Thriller,F,34,BLURAY,54.0
War,F,3,BLURAY,54.0
Action,F,44,DVD,54.0
Animation,F,52,DVD,54.0
Biography,F,66,DVD,54.0
Comedy,F,349,DVD,54.0
Crime,F,48,DVD,54.0
Documentary,F,42,DVD,54.0
Drama,F,265,DVD,54.0
Family,F,49,DVD,54.0
Fantasy,F,48,DVD,54.0
History,F,49,DVD,54.0
Musical,F,842,DVD,54.0
Mystery,F,53,DVD,54.0
Romance,F,56,DVD,54.0
Short,F,59,DVD,54.0
Thriller,F,52,DVD,54.0
Crime,F,1,VHS,54.0
Action,F,27,BLURAY,55.0
Animation,F,36,BLURAY,55.0
Biography,F,60,BLURAY,55.0
Comedy,F,256,BLURAY,55.0
Crime,F,34,BLURAY,55.0
Documentary,F,34,BLURAY,55.0
Drama,F,203,BLURAY,55.0
Family,F,31,BLURAY,55.0
Fantasy,F,31,BLURAY,55.0
History,F,41,BLURAY,55.0
Musical,F,668,BLURAY,55.0
Mystery,F,32,BLURAY,55.0
Romance,F,33,BLURAY,55.0
Short,F,29,BLURAY,55.0
Thriller,F,28,BLURAY,55.0
War,F,1,BLURAY,55.0
Action,F,40,DVD,55.0
Animation,F,30,DVD,55.0
Biography,F,66,DVD,55.0
Comedy,F,303,DVD,55.0
Crime,F,70,DVD,55.0
Documentary,F,39,DVD,55.0
Drama,F,244,DVD,55.0
Family,F,42,DVD,55.0
Fantasy,F,34,DVD,55.0
History,F,37,DVD,55.0
Musical,F,786,DVD,55.0
Mystery,F,40,DVD,55.0
Romance,F,54,DVD,55.0
Short,F,37,DVD,55.0
Thriller,F,45,DVD,55.0
War,F,1,DVD,55.0
Drama,F,1,VHS,55.0
Action,F,41,BLURAY,56.0
Animation,F,30,BLURAY,56.0
Biography,F,44,BLURAY,56.0
Comedy,F,246,BLURAY,56.0
Crime,F,25,BLURAY,56.0
Documentary,F,30,BLURAY,56.0
Drama,F,183,BLURAY,56.0
Family,F,40,BLURAY,56.0
Fantasy,F,20,BLURAY,56.0
History,F,34,BLURAY,56.0
Musical,F,598,BLURAY,56.0
Mystery,F,33,BLURAY,56.0
Romance,F,36,BLURAY,56.0
Short,F,24,BLURAY,56.0
Thriller,F,30,BLURAY,56.0
Action,F,29,DVD,56.0
Animation,F,38,DVD,56.0
Biography,F,64,DVD,56.0
Comedy,F,258,DVD,56.0
Crime,F,55,DVD,56.0
Documentary,F,32,DVD,56.0
Drama,F,224,DVD,56.0
Family,F,43,DVD,56.0
Fantasy,F,39,DVD,56.0
History,F,42,DVD,56.0
Musical,F,693,DVD,56.0
Mystery,F,33,DVD,56.0
Romance,F,41,DVD,56.0
Short,F,44,DVD,56.0
Thriller,F,44,DVD,56.0
War,F,1,DVD,56.0
Drama,F,1,VHS,56.0
Action,F,32,BLURAY,57.0
Animation,F,30,BLURAY,57.0
Biography,F,40,BLURAY,57.0
Comedy,F,231,BLURAY,57.0
Crime,F,33,BLURAY,57.0
Documentary,F,16,BLURAY,57.0
Drama,F,174,BLURAY,57.0
Family,F,27,BLURAY,57.0
Fantasy,F,18,BLURAY,57.0
History,F,28,BLURAY,57.0
Musical,F,519,BLURAY,57.0
Mystery,F,24,BLURAY,57.0
Romance,F,35,BLURAY,57.0
Short,F,30,BLURAY,57.0
Thriller,F,30,BLURAY,57.0
Action,F,37,DVD,57.0
Animation,F,43,DVD,57.0
Biography,F,52,DVD,57.0
Comedy,F,253,DVD,57.0
Crime,F,40,DVD,57.0
Documentary,F,34,DVD,57.0
Drama,F,182,DVD,57.0
Family,F,36,DVD,57.0
Fantasy,F,29,DVD,57.0
History,F,44,DVD,57.0
Musical,F,624,DVD,57.0
Mystery,F,32,DVD,57.0
Romance,F,40,DVD,57.0
Short,F,35,DVD,57.0
Thriller,F,32,DVD,57.0
Action,F,22,BLURAY,58.0
Animation,F,28,BLURAY,58.0
Biography,F,31,BLURAY,58.0
Comedy,F,206,BLURAY,58.0
Crime,F,26,BLURAY,58.0
Documentary,F,25,BLURAY,58.0
Drama,F,135,BLURAY,58.0
Family,F,32,BLURAY,58.0
Fantasy,F,23,BLURAY,58.0
History,F,34,BLURAY,58.0
Musical,F,496,BLURAY,58.0
Mystery,F,31,BLURAY,58.0
Romance,F,26,BLURAY,58.0
Short,F,22,BLURAY,58.0
Thriller,F,24,BLURAY,58.0
Action,F,26,DVD,58.0
Animation,F,36,DVD,58.0
Biography,F,55,DVD,58.0
Comedy,F,237,DVD,58.0
Crime,F,36,DVD,58.0
Documentary,F,28,DVD,58.0
Drama,F,169,DVD,58.0
Family,F,24,DVD,58.0
Fantasy,F,30,DVD,58.0
History,F,37,DVD,58.0
Musical,F,538,DVD,58.0
Mystery,F,26,DVD,58.0
Romance,F,40,DVD,58.0
Short,F,36,DVD,58.0
Thriller,F,30,DVD,58.0
War,F,1,DVD,58.0
Action,F,22,BLURAY,59.0
Animation,F,25,BLURAY,59.0
Biography,F,41,BLURAY,59.0
Comedy,F,159,BLURAY,59.0
Crime,F,24,BLURAY,59.0
Documentary,F,21,BLURAY,59.0
Drama,F,126,BLURAY,59.0
Family,F,17,BLURAY,59.0
Fantasy,F,25,BLURAY,59.0
History,F,21,BLURAY,59.0
Musical,F,425,BLURAY,59.0
Mystery,F,30,BLURAY,59.0
Romance,F,29,BLURAY,59.0
Short,F,19,BLURAY,59.0
Thriller,F,19,BLURAY,59.0
War,F,2,BLURAY,59.0
Action,F,23,DVD,59.0
Animation,F,14,DVD,59.0
Biography,F,35,DVD,59.0
Comedy,F,222,DVD,59.0
Crime,F,30,DVD,59.0
Documentary,F,30,DVD,59.0
Drama,F,164,DVD,59.0
Family,F,37,DVD,59.0
Fantasy,F,25,DVD,59.0
History,F,24,DVD,59.0
Musical,F,524,DVD,59.0
Mystery,F,25,DVD,59.0
Romance,F,26,DVD,59.0
Short,F,27,DVD,59.0
Thriller,F,30,DVD,59.0
War,F,1,DVD,59.0
Action,F,25,BLURAY,60.0
Animation,F,13,BLURAY,60.0
Biography,F,32,BLURAY,60.0
Comedy,F,135,BLURAY,60.0
Crime,F,20,BLURAY,60.0
Documentary,F,12,BLURAY,60.0
Drama,F,126,BLURAY,60.0
Family,F,19,BLURAY,60.0
Fantasy,F,22,BLURAY,60.0
History,F,16,BLURAY,60.0
Musical,F,419,BLURAY,60.0
Mystery,F,20,BLURAY,60.0
Romance,F,19,BLURAY,60.0
Sci-Fi,F,1,BLURAY,60.0
Short,F,16,BLURAY,60.0
Thriller,F,28,BLURAY,60.0
War,F,1,BLURAY,60.0
Action,F,37,DVD,60.0
Animation,F,22,DVD,60.0
Biography,F,34,DVD,60.0
Comedy,F,177,DVD,60.0
Crime,F,35,DVD,60.0
Documentary,F,29,DVD,60.0
Drama,F,168,DVD,60.0
Family,F,27,DVD,60.0
Fantasy,F,23,DVD,60.0
History,F,24,DVD,60.0
Musical,F,453,DVD,60.0
Mystery,F,23,DVD,60.0
Romance,F,32,DVD,60.0
Short,F,22,DVD,60.0
Thriller,F,31,DVD,60.0
Action,F,24,BLURAY,61.0
Animation,F,20,BLURAY,61.0
Biography,F,25,BLURAY,61.0
Comedy,F,139,BLURAY,61.0
Crime,F,23,BLURAY,61.0
Documentary,F,17,BLURAY,61.0
Drama,F,104,BLURAY,61.0
Family,F,27,BLURAY,61.0
Fantasy,F,16,BLURAY,61.0
History,F,23,BLURAY,61.0
Musical,F,368,BLURAY,61.0
Mystery,F,15,BLURAY,61.0
Romance,F,20,BLURAY,61.0
Short,F,20,BLURAY,61.0
Thriller,F,17,BLURAY,61.0
Action,F,31,DVD,61.0
Animation,F,24,DVD,61.0
Biography,F,36,DVD,61.0
Comedy,F,168,DVD,61.0
Crime,F,22,DVD,61.0
Documentary,F,21,DVD,61.0
Drama,F,126,DVD,61.0
Family,F,16,DVD,61.0
Fantasy,F,25,DVD,61.0
History,F,18,DVD,61.0
Musical,F,394,DVD,61.0
Mystery,F,20,DVD,61.0
Romance,F,25,DVD,61.0
Short,F,14,DVD,61.0
Thriller,F,16,DVD,61.0
Action,F,8,BLURAY,62.0
Animation,F,21,BLURAY,62.0
Biography,F,25,BLURAY,62.0
Comedy,F,102,BLURAY,62.0
Crime,F,16,BLURAY,62.0
Documentary,F,18,BLURAY,62.0
Drama,F,85,BLURAY,62.0
Family,F,8,BLURAY,62.0
Fantasy,F,21,BLURAY,62.0
History,F,12,BLURAY,62.0
Musical,F,286,BLURAY,62.0
Mystery,F,14,BLURAY,62.0
Romance,F,20,BLURAY,62.0
Short,F,15,BLURAY,62.0
Thriller,F,9,BLURAY,62.0
War,F,1,BLURAY,62.0
Action,F,19,DVD,62.0
Animation,F,17,DVD,62.0
Biography,F,35,DVD,62.0
Comedy,F,128,DVD,62.0
Crime,F,27,DVD,62.0
Documentary,F,24,DVD,62.0
Drama,F,119,DVD,62.0
Family,F,15,DVD,62.0
Fantasy,F,16,DVD,62.0
History,F,20,DVD,62.0
Musical,F,335,DVD,62.0
Mystery,F,19,DVD,62.0
Romance,F,16,DVD,62.0
Short,F,24,DVD,62.0
Thriller,F,23,DVD,62.0
Musical,F,1,VHS,62.0
Action,F,17,BLURAY,63.0
Animation,F,12,BLURAY,63.0
Biography,F,17,BLURAY,63.0
Comedy,F,106,BLURAY,63.0
Crime,F,14,BLURAY,63.0
Documentary,F,17,BLURAY,63.0
Drama,F,80,BLURAY,63.0
Family,F,18,BLURAY,63.0
Fantasy,F,14,BLURAY,63.0
History,F,18,BLURAY,63.0
Musical,F,319,BLURAY,63.0
Mystery,F,11,BLURAY,63.0
Romance,F,12,BLURAY,63.0
Short,F,13,BLURAY,63.0
Thriller,F,13,BLURAY,63.0
Action,F,20,DVD,63.0
Animation,F,18,DVD,63.0
Biography,F,38,DVD,63.0
Comedy,F,136,DVD,63.0
Crime,F,25,DVD,63.0
Documentary,F,17,DVD,63.0
Drama,F,120,DVD,63.0
Family,F,25,DVD,63.0
Fantasy,F,15,DVD,63.0
History,F,15,DVD,63.0
Musical,F,344,DVD,63.0
Mystery,F,15,DVD,63.0
Romance,F,22,DVD,63.0
Short,F,16,DVD,63.0
Thriller,F,18,DVD,63.0
Comedy,F,1,VHS,63.0
Comedy,M,1,,20.0
Action,M,69,BLURAY,20.0
Animation,M,53,BLURAY,20.0
Biography,M,88,BLURAY,20.0
Comedy,M,1214,BLURAY,20.0
Crime,M,72,BLURAY,20.0
Documentary,M,70,BLURAY,20.0
Drama,M,1190,BLURAY,20.0
Family,M,72,BLURAY,20.0
Fantasy,M,57,BLURAY,20.0
History,M,62,BLURAY,20.0
Mystery,M,68,BLURAY,20.0
Romance,M,76,BLURAY,20.0
Short,M,70,BLURAY,20.0
Thriller,M,86,BLURAY,20.0
War,M,9,BLURAY,20.0
Action,M,88,DVD,20.0
Animation,M,80,DVD,20.0
Biography,M,143,DVD,20.0
Comedy,M,1561,DVD,20.0
Crime,M,108,DVD,20.0
Documentary,M,81,DVD,20.0
Drama,M,1639,DVD,20.0
Family,M,88,DVD,20.0
Fantasy,M,81,DVD,20.0
History,M,84,DVD,20.0
Mystery,M,79,DVD,20.0
Romance,M,79,DVD,20.0
Short,M,88,DVD,20.0
Thriller,M,68,DVD,20.0
War,M,4,DVD,20.0
Action,M,99,BLURAY,21.0
Animation,M,73,BLURAY,21.0
Biography,M,122,BLURAY,21.0
Comedy,M,1590,BLURAY,21.0
Crime,M,87,BLURAY,21.0
Documentary,M,103,BLURAY,21.0
Drama,M,1624,BLURAY,21.0
Family,M,91,BLURAY,21.0
Fantasy,M,82,BLURAY,21.0
History,M,97,BLURAY,21.0
Mystery,M,86,BLURAY,21.0
Romance,M,91,BLURAY,21.0
Short,M,79,BLURAY,21.0
Thriller,M,91,BLURAY,21.0
War,M,2,BLURAY,21.0
Action,M,92,DVD,21.0
Animation,M,94,DVD,21.0
Biography,M,161,DVD,21.0
Comedy,M,1998,DVD,21.0
Crime,M,97,DVD,21.0
Documentary,M,109,DVD,21.0
Drama,M,2127,DVD,21.0
Family,M,108,DVD,21.0
Fantasy,M,100,DVD,21.0
History,M,110,DVD,21.0
Mystery,M,90,DVD,21.0
Romance,M,112,DVD,21.0
Short,M,103,DVD,21.0
Thriller,M,116,DVD,21.0
War,M,3,DVD,21.0
Action,M,1,VHS,21.0
Biography,M,1,VHS,21.0
Romance,M,1,,22.0
Action,M,102,BLURAY,22.0
Animation,M,95,BLURAY,22.0
Biography,M,152,BLURAY,22.0
Comedy,M,1898,BLURAY,22.0
Crime,M,110,BLURAY,22.0
Documentary,M,108,BLURAY,22.0
Drama,M,1828,BLURAY,22.0
Family,M,101,BLURAY,22.0
Fantasy,M,89,BLURAY,22.0
History,M,102,BLURAY,22.0
Mystery,M,87,BLURAY,22.0
Romance,M,94,BLURAY,22.0
Short,M,88,BLURAY,22.0
Thriller,M,88,BLURAY,22.0
War,M,5,BLURAY,22.0
Action,M,131,DVD,22.0
Animation,M,116,DVD,22.0
Biography,M,193,DVD,22.0
Comedy,M,2363,DVD,22.0
Crime,M,140,DVD,22.0
Documentary,M,121,DVD,22.0
Drama,M,2358,DVD,22.0
Family,M,133,DVD,22.0
Fantasy,M,104,DVD,22.0
History,M,121,DVD,22.0
Mystery,M,102,DVD,22.0
Romance,M,133,DVD,22.0
Short,M,148,DVD,22.0
Thriller,M,115,DVD,22.0
War,M,7,DVD,22.0
Comedy,M,1,VHS,22.0
Drama,M,1,,23.0
Action,M,96,BLURAY,23.0
Animation,M,114,BLURAY,23.0
Biography,M,150,BLURAY,23.0
Comedy,M,2001,BLURAY,23.0
Crime,M,119,BLURAY,23.0
Documentary,M,108,BLURAY,23.0
Drama,M,1950,BLURAY,23.0
Family,M,99,BLURAY,23.0
Fantasy,M,89,BLURAY,23.0
History,M,92,BLURAY,23.0
Musical,M,4,BLURAY,23.0
Mystery,M,72,BLURAY,23.0
Romance,M,112,BLURAY,23.0
Short,M,102,BLURAY,23.0
Thriller,M,107,BLURAY,23.0
War,M,6,BLURAY,23.0
Action,M,137,DVD,23.0
Animation,M,117,DVD,23.0
Biography,M,199,DVD,23.0
Comedy,M,2528,DVD,23.0
Crime,M,146,DVD,23.0
Documentary,M,140,DVD,23.0
Drama,M,2640,DVD,23.0
Family,M,127,DVD,23.0
Fantasy,M,128,DVD,23.0
History,M,128,DVD,23.0
Musical,M,4,DVD,23.0
Mystery,M,132,DVD,23.0
Romance,M,111,DVD,23.0
Sci-Fi,M,1,DVD,23.0
Short,M,149,DVD,23.0
Thriller,M,131,DVD,23.0
War,M,3,DVD,23.0
Action,M,90,BLURAY,24.0
Animation,M,103,BLURAY,24.0
Biography,M,161,BLURAY,24.0
Comedy,M,2155,BLURAY,24.0
Crime,M,124,BLURAY,24.0
Documentary,M,108,BLURAY,24.0
Drama,M,2149,BLURAY,24.0
Family,M,120,BLURAY,24.0
Fantasy,M,111,BLURAY,24.0
History,M,113,BLURAY,24.0
Musical,M,1,BLURAY,24.0
Mystery,M,108,BLURAY,24.0
Romance,M,125,BLURAY,24.0
Short,M,116,BLURAY,24.0
Thriller,M,106,BLURAY,24.0
War,M,6,BLURAY,24.0
Action,M,126,DVD,24.0
Animation,M,129,DVD,24.0
Biography,M,193,DVD,24.0
Comedy,M,2752,DVD,24.0
Crime,M,161,DVD,24.0
Documentary,M,154,DVD,24.0
Drama,M,2892,DVD,24.0
Family,M,149,DVD,24.0
Fantasy,M,137,DVD,24.0
History,M,149,DVD,24.0
Mystery,M,149,DVD,24.0
Romance,M,140,DVD,24.0
Short,M,148,DVD,24.0
Thriller,M,121,DVD,24.0
War,M,5,DVD,24.0
Comedy,M,1,VHS,24.0
Drama,M,1,VHS,24.0
Action,M,118,BLURAY,25.0
Animation,M,98,BLURAY,25.0
Biography,M,154,BLURAY,25.0
Comedy,M,2065,BLURAY,25.0
Crime,M,103,BLURAY,25.0
Documentary,M,126,BLURAY,25.0
Drama,M,1970,BLURAY,25.0
Family,M,107,BLURAY,25.0
Fantasy,M,92,BLURAY,25.0
History,M,120,BLURAY,25.0
Horror,M,1,BLURAY,25.0
Mystery,M,109,BLURAY,25.0
Romance,M,106,BLURAY,25.0
Short,M,103,BLURAY,25.0
Thriller,M,105,BLURAY,25.0
War,M,6,BLURAY,25.0
Action,M,125,DVD,25.0
Animation,M,137,DVD,25.0
Biography,M,216,DVD,25.0
Comedy,M,2600,DVD,25.0
Crime,M,140,DVD,25.0
Documentary,M,133,DVD,25.0
Drama,M,2710,DVD,25.0
Family,M,149,DVD,25.0
Fantasy,M,113,DVD,25.0
History,M,155,DVD,25.0
Mystery,M,129,DVD,25.0
Romance,M,134,DVD,25.0
Short,M,135,DVD,25.0
Thriller,M,123,DVD,25.0
War,M,6,DVD,25.0
Comedy,M,1,VHS,25.0
Drama,M,2,,26.0
Action,M,124,BLURAY,26.0
Adventure,M,1,BLURAY,26.0
Animation,M,109,BLURAY,26.0
Biography,M,163,BLURAY,26.0
Comedy,M,2080,BLURAY,26.0
Crime,M,117,BLURAY,26.0
Documentary,M,88,BLURAY,26.0
Drama,M,2053,BLURAY,26.0
Family,M,96,BLURAY,26.0
Fantasy,M,101,BLURAY,26.0
History,M,108,BLURAY,26.0
Musical,M,1,BLURAY,26.0
Mystery,M,107,BLURAY,26.0
Romance,M,112,BLURAY,26.0
Short,M,101,BLURAY,26.0
Thriller,M,99,BLURAY,26.0
War,M,5,BLURAY,26.0
Action,M,138,DVD,26.0
Animation,M,132,DVD,26.0
Biography,M,208,DVD,26.0
Comedy,M,2640,DVD,26.0
Crime,M,131,DVD,26.0
Documentary,M,142,DVD,26.0
Drama,M,2554,DVD,26.0
Family,M,147,DVD,26.0
Fantasy,M,134,DVD,26.0
History,M,157,DVD,26.0
Musical,M,2,DVD,26.0
Mystery,M,139,DVD,26.0
Romance,M,134,DVD,26.0
Short,M,140,DVD,26.0
Thriller,M,146,DVD,26.0
War,M,10,DVD,26.0
Family,M,1,VHS,26.0
Action,M,87,BLURAY,27.0
Animation,M,92,BLURAY,27.0
Biography,M,136,BLURAY,27.0
Comedy,M,1909,BLURAY,27.0
Crime,M,102,BLURAY,27.0
Documentary,M,109,BLURAY,27.0
Drama,M,1945,BLURAY,27.0
Family,M,92,BLURAY,27.0
Fantasy,M,89,BLURAY,27.0
History,M,89,BLURAY,27.0
Mystery,M,103,BLURAY,27.0
Romance,M,90,BLURAY,27.0
Short,M,97,BLURAY,27.0
Thriller,M,92,BLURAY,27.0
War,M,3,BLURAY,27.0
Action,M,124,DVD,27.0
Animation,M,113,DVD,27.0
Biography,M,199,DVD,27.0
Comedy,M,2382,DVD,27.0
Crime,M,152,DVD,27.0
Documentary,M,130,DVD,27.0
Drama,M,2428,DVD,27.0
Family,M,110,DVD,27.0
Fantasy,M,119,DVD,27.0
History,M,134,DVD,27.0
Mystery,M,129,DVD,27.0
Romance,M,126,DVD,27.0
Short,M,121,DVD,27.0
Thriller,M,119,DVD,27.0
War,M,9,DVD,27.0
Action,M,93,BLURAY,28.0
Animation,M,75,BLURAY,28.0
Biography,M,144,BLURAY,28.0
Comedy,M,1658,BLURAY,28.0
Crime,M,77,BLURAY,28.0
Documentary,M,95,BLURAY,28.0
Drama,M,1680,BLURAY,28.0
Family,M,77,BLURAY,28.0
Fantasy,M,90,BLURAY,28.0
History,M,95,BLURAY,28.0
Musical,M,4,BLURAY,28.0
Mystery,M,104,BLURAY,28.0
Romance,M,112,BLURAY,28.0
Short,M,94,BLURAY,28.0
Thriller,M,78,BLURAY,28.0
War,M,6,BLURAY,28.0
Action,M,127,DVD,28.0
Animation,M,100,DVD,28.0
Biography,M,150,DVD,28.0
Comedy,M,2149,DVD,28.0
Crime,M,114,DVD,28.0
Documentary,M,131,DVD,28.0
Drama,M,2158,DVD,28.0
Family,M,99,DVD,28.0
Fantasy,M,98,DVD,28.0
History,M,117,DVD,28.0
Horror,M,1,DVD,28.0
Musical,M,5,DVD,28.0
Mystery,M,101,DVD,28.0
Romance,M,120,DVD,28.0
Short,M,114,DVD,28.0
Thriller,M,123,DVD,28.0
War,M,3,DVD,28.0
Crime,M,1,VHS,28.0
Comedy,M,1,,29.0
Action,M,79,BLURAY,29.0
Animation,M,83,BLURAY,29.0
Biography,M,114,BLURAY,29.0
Comedy,M,1434,BLURAY,29.0
Crime,M,85,BLURAY,29.0
Documentary,M,66,BLURAY,29.0
Drama,M,1398,BLURAY,29.0
Family,M,99,BLURAY,29.0
Fantasy,M,67,BLURAY,29.0
History,M,72,BLURAY,29.0
Horror,M,1,BLURAY,29.0
Mystery,M,82,BLURAY,29.0
Romance,M,62,BLURAY,29.0
Short,M,75,BLURAY,29.0
Thriller,M,69,BLURAY,29.0
War,M,5,BLURAY,29.0
Action,M,111,DVD,29.0
Animation,M,97,DVD,29.0
Biography,M,126,DVD,29.0
Comedy,M,1728,DVD,29.0
Crime,M,104,DVD,29.0
Documentary,M,88,DVD,29.0
Drama,M,1802,DVD,29.0
Family,M,109,DVD,29.0
Fantasy,M,98,DVD,29.0
History,M,99,DVD,29.0
Musical,M,1,DVD,29.0
Mystery,M,90,DVD,29.0
Romance,M,78,DVD,29.0
Short,M,86,DVD,29.0
Thriller,M,111,DVD,29.0
War,M,4,DVD,29.0
Action,M,64,BLURAY,30.0
Animation,M,67,BLURAY,30.0
Biography,M,102,BLURAY,30.0
Comedy,M,1254,BLURAY,30.0
Crime,M,61,BLURAY,30.0
Documentary,M,65,BLURAY,30.0
Drama,M,1133,BLURAY,30.0
Family,M,49,BLURAY,30.0
Fantasy,M,64,BLURAY,30.0
History,M,66,BLURAY,30.0
Musical,M,2,BLURAY,30.0
Mystery,M,68,BLURAY,30.0
Romance,M,64,BLURAY,30.0
Short,M,50,BLURAY,30.0
Thriller,M,56,BLURAY,30.0
War,M,4,BLURAY,30.0
Action,M,72,DVD,30.0
Animation,M,82,DVD,30.0
Biography,M,110,DVD,30.0
Comedy,M,1549,DVD,30.0
Crime,M,92,DVD,30.0
Documentary,M,83,DVD,30.0
Drama,M,1488,DVD,30.0
Family,M,84,DVD,30.0
Fantasy,M,83,DVD,30.0
History,M,92,DVD,30.0
Musical,M,1,DVD,30.0
Mystery,M,77,DVD,30.0
Romance,M,66,DVD,30.0
Short,M,78,DVD,30.0
Thriller,M,94,DVD,30.0
War,M,8,DVD,30.0
Action,M,48,BLURAY,31.0
Animation,M,48,BLURAY,31.0
Biography,M,66,BLURAY,31.0
Comedy,M,995,BLURAY,31.0
Crime,M,51,BLURAY,31.0
Documentary,M,63,BLURAY,31.0
Drama,M,895,BLURAY,31.0
Family,M,64,BLURAY,31.0
Fantasy,M,54,BLURAY,31.0
History,M,50,BLURAY,31.0
Mystery,M,47,BLURAY,31.0
Romance,M,46,BLURAY,31.0
Short,M,50,BLURAY,31.0
Thriller,M,48,BLURAY,31.0
War,M,3,BLURAY,31.0
Action,M,65,DVD,31.0
Animation,M,54,DVD,31.0
Biography,M,107,DVD,31.0
Comedy,M,1244,DVD,31.0
Crime,M,55,DVD,31.0
Documentary,M,63,DVD,31.0
Drama,M,1271,DVD,31.0
Family,M,55,DVD,31.0
Fantasy,M,50,DVD,31.0
History,M,68,DVD,31.0
Musical,M,2,DVD,31.0
Mystery,M,62,DVD,31.0
Romance,M,60,DVD,31.0
Short,M,61,DVD,31.0
Thriller,M,53,DVD,31.0
War,M,5,DVD,31.0
Drama,M,1,VHS,31.0
Action,M,35,BLURAY,32.0
Animation,M,43,BLURAY,32.0
Biography,M,60,BLURAY,32.0
Comedy,M,743,BLURAY,32.0
Crime,M,40,BLURAY,32.0
Documentary,M,29,BLURAY,32.0
Drama,M,752,BLURAY,32.0
Family,M,46,BLURAY,32.0
Fantasy,M,37,BLURAY,32.0
History,M,26,BLURAY,32.0
Musical,M,3,BLURAY,32.0
Mystery,M,43,BLURAY,32.0
Romance,M,28,BLURAY,32.0
Short,M,41,BLURAY,32.0
Thriller,M,40,BLURAY,32.0
War,M,2,BLURAY,32.0
Action,M,48,DVD,32.0
Animation,M,54,DVD,32.0
Biography,M,73,DVD,32.0
Comedy,M,896,DVD,32.0
Crime,M,55,DVD,32.0
Documentary,M,46,DVD,32.0
Drama,M,940,DVD,32.0
Family,M,32,DVD,32.0
Fantasy,M,42,DVD,32.0
History,M,57,DVD,32.0
Mystery,M,47,DVD,32.0
Romance,M,45,DVD,32.0
Short,M,57,DVD,32.0
Thriller,M,43,DVD,32.0
War,M,5,DVD,32.0
Drama,M,1,VHS,32.0
Biography,M,1,,33.0
Comedy,M,1,,33.0
Action,M,36,BLURAY,33.0
Animation,M,26,BLURAY,33.0
Biography,M,36,BLURAY,33.0
Comedy,M,522,BLURAY,33.0
Crime,M,29,BLURAY,33.0
Documentary,M,20,BLURAY,33.0
Drama,M,533,BLURAY,33.0
Family,M,21,BLURAY,33.0
Fantasy,M,21,BLURAY,33.0
History,M,26,BLURAY,33.0
Musical,M,1,BLURAY,33.0
Mystery,M,36,BLURAY,33.0
Romance,M,27,BLURAY,33.0
Short,M,23,BLURAY,33.0
Thriller,M,26,BLURAY,33.0
War,M,4,BLURAY,33.0
Action,M,29,DVD,33.0
Animation,M,35,DVD,33.0
Biography,M,57,DVD,33.0
Comedy,M,651,DVD,33.0
Crime,M,39,DVD,33.0
Documentary,M,43,DVD,33.0
Drama,M,667,DVD,33.0
Family,M,45,DVD,33.0
Fantasy,M,32,DVD,33.0
History,M,41,DVD,33.0
Musical,M,2,DVD,33.0
Mystery,M,28,DVD,33.0
Romance,M,30,DVD,33.0
Short,M,34,DVD,33.0
Thriller,M,28,DVD,33.0
War,M,2,DVD,33.0
Comedy,M,2,VHS,33.0
Action,M,25,BLURAY,34.0
Animation,M,22,BLURAY,34.0
Biography,M,25,BLURAY,34.0
Comedy,M,340,BLURAY,34.0
Crime,M,16,BLURAY,34.0
Documentary,M,21,BLURAY,34.0
Drama,M,369,BLURAY,34.0
Family,M,24,BLURAY,34.0
Fantasy,M,13,BLURAY,34.0
History,M,17,BLURAY,34.0
Mystery,M,14,BLURAY,34.0
Romance,M,19,BLURAY,34.0
Short,M,25,BLURAY,34.0
Thriller,M,20,BLURAY,34.0
War,M,2,BLURAY,34.0
Action,M,21,DVD,34.0
Animation,M,23,DVD,34.0
Biography,M,42,DVD,34.0
Comedy,M,470,DVD,34.0
Crime,M,26,DVD,34.0
Documentary,M,25,DVD,34.0
Drama,M,494,DVD,34.0
Family,M,28,DVD,34.0
Fantasy,M,20,DVD,34.0
History,M,22,DVD,34.0
Musical,M,1,DVD,34.0
Mystery,M,19,DVD,34.0
Romance,M,22,DVD,34.0
Short,M,22,DVD,34.0
Thriller,M,28,DVD,34.0
War,M,2,DVD,34.0
Action,M,9,BLURAY,35.0
Animation,M,11,BLURAY,35.0
Biography,M,31,BLURAY,35.0
Comedy,M,265,BLURAY,35.0
Crime,M,12,BLURAY,35.0
Documentary,M,17,BLURAY,35.0
Drama,M,271,BLURAY,35.0
Family,M,25,BLURAY,35.0
Fantasy,M,13,BLURAY,35.0
History,M,12,BLURAY,35.0
Musical,M,3,BLURAY,35.0
Mystery,M,13,BLURAY,35.0
Romance,M,15,BLURAY,35.0
Short,M,15,BLURAY,35.0
Thriller,M,10,BLURAY,35.0
War,M,2,BLURAY,35.0
Action,M,14,DVD,35.0
Animation,M,13,DVD,35.0
Biography,M,27,DVD,35.0
Comedy,M,301,DVD,35.0
Crime,M,16,DVD,35.0
Documentary,M,19,DVD,35.0
Drama,M,319,DVD,35.0
Family,M,21,DVD,35.0
Fantasy,M,18,DVD,35.0
History,M,23,DVD,35.0
Musical,M,2,DVD,35.0
Mystery,M,15,DVD,35.0
Romance,M,16,DVD,35.0
Short,M,10,DVD,35.0
Thriller,M,20,DVD,35.0
Action,M,6,BLURAY,36.0
Animation,M,8,BLURAY,36.0
Biography,M,8,BLURAY,36.0
Comedy,M,162,BLURAY,36.0
Crime,M,7,BLURAY,36.0
Documentary,M,9,BLURAY,36.0
Drama,M,151,BLURAY,36.0
Family,M,8,BLURAY,36.0
Fantasy,M,10,BLURAY,36.0
History,M,6,BLURAY,36.0
Mystery,M,9,BLURAY,36.0
Romance,M,4,BLURAY,36.0
Short,M,8,BLURAY,36.0
Thriller,M,11,BLURAY,36.0
Action,M,5,DVD,36.0
Animation,M,6,DVD,36.0
Biography,M,18,DVD,36.0
Comedy,M,225,DVD,36.0
Crime,M,12,DVD,36.0
Documentary,M,13,DVD,36.0
Drama,M,216,DVD,36.0
Family,M,14,DVD,36.0
Fantasy,M,14,DVD,36.0
History,M,10,DVD,36.0
Mystery,M,9,DVD,36.0
Romance,M,8,DVD,36.0
Short,M,16,DVD,36.0
Thriller,M,13,DVD,36.0
War,M,1,DVD,36.0
Action,M,5,BLURAY,37.0
Animation,M,6,BLURAY,37.0
Biography,M,6,BLURAY,37.0
Comedy,M,90,BLURAY,37.0
Crime,M,11,BLURAY,37.0
Documentary,M,5,BLURAY,37.0
Drama,M,89,BLURAY,37.0
Family,M,9,BLURAY,37.0
Fantasy,M,5,BLURAY,37.0
History,M,9,BLURAY,37.0
Mystery,M,6,BLURAY,37.0
Romance,M,4,BLURAY,37.0
Short,M,5,BLURAY,37.0
Thriller,M,4,BLURAY,37.0
War,M,1,BLURAY,37.0
Action,M,8,DVD,37.0
Animation,M,10,DVD,37.0
Biography,M,12,DVD,37.0
Comedy,M,132,DVD,37.0
Crime,M,13,DVD,37.0
Documentary,M,3,DVD,37.0
Drama,M,136,DVD,37.0
Family,M,7,DVD,37.0
Fantasy,M,8,DVD,37.0
History,M,8,DVD,37.0
Musical,M,1,DVD,37.0
Mystery,M,6,DVD,37.0
Romance,M,7,DVD,37.0
Short,M,8,DVD,37.0
Thriller,M,5,DVD,37.0
Action,M,3,BLURAY,38.0
Animation,M,3,BLURAY,38.0
Biography,M,8,BLURAY,38.0
Comedy,M,86,BLURAY,38.0
Documentary,M,6,BLURAY,38.0
Drama,M,50,BLURAY,38.0
Family,M,3,BLURAY,38.0
Fantasy,M,6,BLURAY,38.0
History,M,4,BLURAY,38.0
Mystery,M,4,BLURAY,38.0
Romance,M,1,BLURAY,38.0
Short,M,1,BLURAY,38.0
Thriller,M,1,BLURAY,38.0
Action,M,2,DVD,38.0
Animation,M,2,DVD,38.0
Biography,M,6,DVD,38.0
Comedy,M,84,DVD,38.0
Crime,M,4,DVD,38.0
Documentary,M,4,DVD,38.0
Drama,M,84,DVD,38.0
Family,M,2,DVD,38.0
Fantasy,M,2,DVD,38.0
History,M,4,DVD,38.0
Mystery,M,3,DVD,38.0
Romance,M,5,DVD,38.0
Short,M,6,DVD,38.0
Thriller,M,7,DVD,38.0
Action,M,3,BLURAY,39.0
Animation,M,2,BLURAY,39.0
Biography,M,3,BLURAY,39.0
Comedy,M,46,BLURAY,39.0
Crime,M,3,BLURAY,39.0
Documentary,M,2,BLURAY,39.0
Drama,M,36,BLURAY,39.0
Family,M,1,BLURAY,39.0
Fantasy,M,1,BLURAY,39.0
History,M,5,BLURAY,39.0
Musical,M,4,BLURAY,39.0
Mystery,M,2,BLURAY,39.0
Romance,M,1,BLURAY,39.0
Short,M,4,BLURAY,39.0
Thriller,M,4,BLURAY,39.0
War,M,1,BLURAY,39.0
Animation,M,2,DVD,39.0
Biography,M,4,DVD,39.0
Comedy,M,44,DVD,39.0
Crime,M,2,DVD,39.0
Documentary,M,1,DVD,39.0
Drama,M,41,DVD,39.0
Family,M,4,DVD,39.0
Fantasy,M,5,DVD,39.0
History,M,3,DVD,39.0
Musical,M,5,DVD,39.0
Mystery,M,2,DVD,39.0
Romance,M,4,DVD,39.0
Short,M,4,DVD,39.0
Thriller,M,1,DVD,39.0
War,M,1,DVD,39.0
History,M,1,VHS,39.0
Animation,M,1,BLURAY,40.0
Comedy,M,12,BLURAY,40.0
Crime,M,1,BLURAY,40.0
Drama,M,15,BLURAY,40.0
Family,M,1,BLURAY,40.0
History,M,1,BLURAY,40.0
Mystery,M,1,BLURAY,40.0
Romance,M,1,BLURAY,40.0
Short,M,2,BLURAY,40.0
Animation,M,4,DVD,40.0
Biography,M,2,DVD,40.0
Comedy,M,28,DVD,40.0
Crime,M,1,DVD,40.0
Documentary,M,2,DVD,40.0
Drama,M,20,DVD,40.0
Family,M,1,DVD,40.0
Fantasy,M,2,DVD,40.0
Musical,M,1,DVD,40.0
Mystery,M,2,DVD,40.0
Romance,M,1,DVD,40.0
Short,M,2,DVD,40.0
Thriller,M,1,DVD,40.0
Action,M,1,BLURAY,41.0
Comedy,M,12,BLURAY,41.0
Crime,M,1,BLURAY,41.0
Drama,M,10,BLURAY,41.0
Family,M,2,BLURAY,41.0
Fantasy,M,2,BLURAY,41.0
History,M,1,BLURAY,41.0
Thriller,M,4,BLURAY,41.0
Action,M,3,DVD,41.0
Animation,M,1,DVD,41.0
Comedy,M,17,DVD,41.0
Drama,M,14,DVD,41.0
Family,M,2,DVD,41.0
History,M,2,DVD,41.0
Thriller,M,1,DVD,41.0
Animation,M,1,BLURAY,42.0
Comedy,M,8,BLURAY,42.0
Drama,M,5,BLURAY,42.0
Fantasy,M,1,BLURAY,42.0
History,M,1,BLURAY,42.0
Animation,M,1,DVD,42.0
Comedy,M,6,DVD,42.0
Crime,M,1,DVD,42.0
Documentary,M,1,DVD,42.0
Drama,M,8,DVD,42.0
Fantasy,M,3,DVD,42.0
Short,M,1,DVD,42.0
Thriller,M,1,DVD,42.0
Biography,M,2,BLURAY,43.0
Comedy,M,7,BLURAY,43.0
Drama,M,1,BLURAY,43.0
Mystery,M,1,BLURAY,43.0
Romance,M,1,BLURAY,43.0
Thriller,M,1,BLURAY,43.0
Biography,M,3,DVD,43.0
Comedy,M,5,DVD,43.0
Drama,M,4,DVD,43.0
History,M,1,DVD,43.0
Musical,M,1,DVD,43.0
Comedy,M,1,BLURAY,44.0
Drama,M,2,BLURAY,44.0
Comedy,M,2,DVD,44.0
Drama,M,1,DVD,44.0
Musical,M,3,DVD,44.0
Biography,M,1,BLURAY,45.0
Comedy,M,1,BLURAY,45.0
Crime,M,1,BLURAY,45.0
Musical,M,3,BLURAY,45.0
Comedy,M,3,DVD,45.0
Drama,M,2,DVD,45.0
Romance,M,1,DVD,45.0
Comedy,M,4,DVD,46.0
Animation,M,1,DVD,47.0
Comedy,M,1,BLURAY,48.0
Drama,M,1,DVD,48.0
Crime,M,1,BLURAY,49.0
Drama,M,1,BLURAY,49.0
Musical,M,4,BLURAY,49.0
Romance,M,1,BLURAY,49.0
Thriller,M,2,BLURAY,49.0
Comedy,M,1,DVD,49.0
Musical,M,2,DVD,49.0
Action,M,1,BLURAY,50.0
Documentary,M,1,DVD,50.0
Mystery,M,1,DVD,50.0
Biography,M,1,BLURAY,51.0
Comedy,M,1,BLURAY,51.0
Comedy,M,3,DVD,51.0
Drama,M,1,DVD,51.0
History,M,1,DVD,51.0
Musical,M,3,DVD,51.0
Comedy,M,1,DVD,52.0
Biography,M,1,BLURAY,53.0
Comedy,M,1,BLURAY,53.0
Drama,M,2,BLURAY,53.0
Musical,M,1,BLURAY,53.0
Musical,M,1,DVD,53.0
Comedy,M,1,DVD,55.0
Musical,M,3,DVD,55.0
Fantasy,M,1,BLURAY,57.0
Musical,M,2,BLURAY,57.0
Romance,M,1,BLURAY,57.0
Comedy,M,2,DVD,57.0
Crime,M,2,DVD,57.0
Family,M,1,DVD,57.0
Musical,M,2,DVD,57.0
Musical,M,1,BLURAY,58.0
Family,M,1,DVD,58.0
Fantasy,M,1,DVD,58.0
Drama,M,1,BLURAY,63.0
Thriller,M,1,BLURAY,63.0
Drama,M,1,DVD,63.0
Family,M,1,DVD,63.0
Musical,M,2,DVD,63.0
Short,M,1,DVD,63.0
