Action,F,18.0,download,35
Adventure,F,18.0,download,23
Animation,F,18.0,download,18
Biography,F,18.0,download,7
Comedy,F,18.0,download,22
Crime,F,18.0,download,9
Documentary,F,18.0,download,9
Fantasy,F,18.0,download,9
History,F,18.0,download,6
Horror,F,18.0,download,8
Musical,F,18.0,download,25
Mystery,F,18.0,download,33
Sci-Fi,F,18.0,download,4
Short,F,18.0,download,9
Thriller,F,18.0,download,9
Western,F,18.0,download,14
Action,F,18.0,view,214
Adventure,F,18.0,view,191
Animation,F,18.0,view,201
Biography,F,18.0,view,68
Comedy,F,18.0,view,185
Crime,F,18.0,view,78
Documentary,F,18.0,view,75
Fantasy,F,18.0,view,84
History,F,18.0,view,82
Horror,F,18.0,view,104
Musical,F,18.0,view,295
Mystery,F,18.0,view,192
Sci-Fi,F,18.0,view,86
Short,F,18.0,view,76
Thriller,F,18.0,view,86
War,F,18.0,view,1
Western,F,18.0,view,97
Action,F,19.0,download,43
Adventure,F,19.0,download,31
Animation,F,19.0,download,33
Biography,F,19.0,download,7
Comedy,F,19.0,download,23
Crime,F,19.0,download,8
Documentary,F,19.0,download,13
Fantasy,F,19.0,download,6
History,F,19.0,download,11
Horror,F,19.0,download,10
Musical,F,19.0,download,34
Mystery,F,19.0,download,27
Sci-Fi,F,19.0,download,18
Short,F,19.0,download,19
Thriller,F,19.0,download,9
Western,F,19.0,download,10
Action,F,19.0,view,291
Adventure,F,19.0,view,317
Animation,F,19.0,view,262
Biography,F,19.0,view,106
Comedy,F,19.0,view,271
Crime,F,19.0,view,131
Documentary,F,19.0,view,92
Fantasy,F,19.0,view,107
History,F,19.0,view,113
Horror,F,19.0,view,107
Musical,F,19.0,view,358
Mystery,F,19.0,view,252
Sci-Fi,F,19.0,view,137
Short,F,19.0,view,125
Thriller,F,19.0,view,105
Western,F,19.0,view,124
Action,F,20.0,download,42
Adventure,F,20.0,download,43
Animation,F,20.0,download,42
Biography,F,20.0,download,13
Comedy,F,20.0,download,36
Crime,F,20.0,download,11
Documentary,F,20.0,download,16
Fantasy,F,20.0,download,11
History,F,20.0,download,20
Horror,F,20.0,download,21
Musical,F,20.0,download,47
Mystery,F,20.0,download,28
Sci-Fi,F,20.0,download,12
Short,F,20.0,download,12
Thriller,F,20.0,download,13
Western,F,20.0,download,19
Action,F,20.0,view,363
Adventure,F,20.0,view,343
Animation,F,20.0,view,322
Biography,F,20.0,view,157
Comedy,F,20.0,view,297
Crime,F,20.0,view,138
Documentary,F,20.0,view,140
Fantasy,F,20.0,view,124
History,F,20.0,view,145
Horror,F,20.0,view,147
Musical,F,20.0,view,512
Mystery,F,20.0,view,358
Sci-Fi,F,20.0,view,124
Short,F,20.0,view,153
Thriller,F,20.0,view,128
War,F,20.0,view,1
Western,F,20.0,view,113
Action,F,21.0,download,35
Adventure,F,21.0,download,54
Animation,F,21.0,download,47
Biography,F,21.0,download,19
Comedy,F,21.0,download,47
Crime,F,21.0,download,20
Documentary,F,21.0,download,22
Fantasy,F,21.0,download,13
History,F,21.0,download,21
Horror,F,21.0,download,12
Musical,F,21.0,download,57
Mystery,F,21.0,download,43
Sci-Fi,F,21.0,download,18
Short,F,21.0,download,12
Thriller,F,21.0,download,17
War,F,21.0,download,1
Western,F,21.0,download,17
Action,F,21.0,view,400
Adventure,F,21.0,view,400
Animation,F,21.0,view,338
Biography,F,21.0,view,144
Comedy,F,21.0,view,374
Crime,F,21.0,view,157
Documentary,F,21.0,view,144
Fantasy,F,21.0,view,168
History,F,21.0,view,167
Horror,F,21.0,view,176
Musical,F,21.0,view,526
Mystery,F,21.0,view,384
Sci-Fi,F,21.0,view,177
Short,F,21.0,view,164
Thriller,F,21.0,view,140
War,F,21.0,view,1
Western,F,21.0,view,163
Action,F,22.0,download,59
Adventure,F,22.0,download,63
Animation,F,22.0,download,41
Biography,F,22.0,download,19
Comedy,F,22.0,download,58
Crime,F,22.0,download,19
Documentary,F,22.0,download,22
Fantasy,F,22.0,download,26
History,F,22.0,download,30
Horror,F,22.0,download,22
Musical,F,22.0,download,72
Mystery,F,22.0,download,47
Sci-Fi,F,22.0,download,21
Short,F,22.0,download,27
Thriller,F,22.0,download,20
Western,F,22.0,download,25
Action,F,22.0,view,501
Adventure,F,22.0,view,473
Animation,F,22.0,view,425
Biography,F,22.0,view,188
Comedy,F,22.0,view,445
Crime,F,22.0,view,204
Documentary,F,22.0,view,171
Fantasy,F,22.0,view,203
History,F,22.0,view,196
Horror,F,22.0,view,223
Musical,F,22.0,view,641
Mystery,F,22.0,view,435
Sci-Fi,F,22.0,view,173
Short,F,22.0,view,195
Thriller,F,22.0,view,160
War,F,22.0,view,1
Western,F,22.0,view,188
Action,F,23.0,download,64
Adventure,F,23.0,download,67
Animation,F,23.0,download,64
Biography,F,23.0,download,19
Comedy,F,23.0,download,68
Crime,F,23.0,download,31
Documentary,F,23.0,download,19
Fantasy,F,23.0,download,32
History,F,23.0,download,22
Horror,F,23.0,download,24
Musical,F,23.0,download,71
Mystery,F,23.0,download,53
Sci-Fi,F,23.0,download,19
Short,F,23.0,download,22
Thriller,F,23.0,download,24
Western,F,23.0,download,21
Action,F,23.0,view,520
Adventure,F,23.0,view,558
Animation,F,23.0,view,503
Biography,F,23.0,view,199
Comedy,F,23.0,view,472
Crime,F,23.0,view,212
Documentary,F,23.0,view,220
Fantasy,F,23.0,view,212
History,F,23.0,view,228
Horror,F,23.0,view,221
Musical,F,23.0,view,684
Mystery,F,23.0,view,435
Sci-Fi,F,23.0,view,211
Short,F,23.0,view,202
Thriller,F,23.0,view,237
War,F,23.0,view,3
Western,F,23.0,view,231
Action,F,24.0,download,59
Adventure,F,24.0,download,87
Animation,F,24.0,download,58
Biography,F,24.0,download,31
Comedy,F,24.0,download,66
Crime,F,24.0,download,33
Documentary,F,24.0,download,31
Fantasy,F,24.0,download,38
History,F,24.0,download,19
Horror,F,24.0,download,20
Musical,F,24.0,download,63
Mystery,F,24.0,download,48
Sci-Fi,F,24.0,download,18
Short,F,24.0,download,23
Thriller,F,24.0,download,32
Western,F,24.0,download,22
Action,F,24.0,view,630
Adventure,F,24.0,view,588
Animation,F,24.0,view,495
Biography,F,24.0,view,242
Comedy,F,24.0,view,543
Crime,F,24.0,view,245
Documentary,F,24.0,view,251
Fantasy,F,24.0,view,255
History,F,24.0,view,242
Horror,F,24.0,view,212
Musical,F,24.0,view,775
Mystery,F,24.0,view,540
Sci-Fi,F,24.0,view,246
Short,F,24.0,view,246
Thriller,F,24.0,view,258
War,F,24.0,view,1
Western,F,24.0,view,231
Action,F,25.0,download,70
Adventure,F,25.0,download,62
Animation,F,25.0,download,57
Biography,F,25.0,download,26
Comedy,F,25.0,download,73
Crime,F,25.0,download,18
Documentary,F,25.0,download,26
Fantasy,F,25.0,download,31
History,F,25.0,download,22
Horror,F,25.0,download,29
Musical,F,25.0,download,72
Mystery,F,25.0,download,63
Sci-Fi,F,25.0,download,20
Short,F,25.0,download,24
Thriller,F,25.0,download,27
Western,F,25.0,download,33
Action,F,25.0,view,617
Adventure,F,25.0,view,646
Animation,F,25.0,view,557
Biography,F,25.0,view,253
Comedy,F,25.0,view,614
Crime,F,25.0,view,234
Documentary,F,25.0,view,252
Fantasy,F,25.0,view,246
History,F,25.0,view,256
Horror,F,25.0,view,230
Musical,F,25.0,view,819
Mystery,F,25.0,view,571
Sci-Fi,F,25.0,view,238
Short,F,25.0,view,249
Thriller,F,25.0,view,277
Western,F,25.0,view,228
Action,F,26.0,download,77
Adventure,F,26.0,download,73
Animation,F,26.0,download,68
Biography,F,26.0,download,26
Comedy,F,26.0,download,51
Crime,F,26.0,download,26
Documentary,F,26.0,download,34
Fantasy,F,26.0,download,31
History,F,26.0,download,24
Horror,F,26.0,download,25
Musical,F,26.0,download,86
Mystery,F,26.0,download,71
Sci-Fi,F,26.0,download,34
Short,F,26.0,download,32
Thriller,F,26.0,download,25
War,F,26.0,download,1
Western,F,26.0,download,24
Action,F,26.0,view,630
Adventure,F,26.0,view,691
Animation,F,26.0,view,572
Biography,F,26.0,view,245
Comedy,F,26.0,view,570
Crime,F,26.0,view,258
Documentary,F,26.0,view,236
Fantasy,F,26.0,view,290
History,F,26.0,view,263
Horror,F,26.0,view,277
Musical,F,26.0,view,845
Mystery,F,26.0,view,552
Sci-Fi,F,26.0,view,284
Short,F,26.0,view,263
Thriller,F,26.0,view,252
War,F,26.0,view,1
Western,F,26.0,view,259
Action,F,27.0,download,77
Adventure,F,27.0,download,68
Animation,F,27.0,download,74
Biography,F,27.0,download,28
Comedy,F,27.0,download,66
Crime,F,27.0,download,21
Documentary,F,27.0,download,31
Fantasy,F,27.0,download,25
History,F,27.0,download,37
Horror,F,27.0,download,25
Musical,F,27.0,download,83
Mystery,F,27.0,download,56
Sci-Fi,F,27.0,download,26
Short,F,27.0,download,30
Thriller,F,27.0,download,25
Western,F,27.0,download,38
Action,F,27.0,view,609
Adventure,F,27.0,view,632
Animation,F,27.0,view,585
Biography,F,27.0,view,282
Comedy,F,27.0,view,614
Crime,F,27.0,view,272
Documentary,F,27.0,view,243
Fantasy,F,27.0,view,300
History,F,27.0,view,275
Horror,F,27.0,view,230
Musical,F,27.0,view,817
Mystery,F,27.0,view,610
Sci-Fi,F,27.0,view,239
Short,F,27.0,view,247
Thriller,F,27.0,view,251
War,F,27.0,view,1
Western,F,27.0,view,279
Action,F,28.0,download,75
Adventure,F,28.0,download,74
Animation,F,28.0,download,62
Biography,F,28.0,download,31
Comedy,F,28.0,download,59
Crime,F,28.0,download,26
Documentary,F,28.0,download,20
Fantasy,F,28.0,download,27
History,F,28.0,download,29
Horror,F,28.0,download,35
Musical,F,28.0,download,82
Mystery,F,28.0,download,76
Sci-Fi,F,28.0,download,32
Short,F,28.0,download,23
Thriller,F,28.0,download,28
Western,F,28.0,download,31
Action,F,28.0,view,618
Adventure,F,28.0,view,634
Animation,F,28.0,view,617
Biography,F,28.0,view,213
Comedy,F,28.0,view,592
Crime,F,28.0,view,227
Documentary,F,28.0,view,243
Fantasy,F,28.0,view,262
History,F,28.0,view,262
Horror,F,28.0,view,264
Musical,F,28.0,view,856
Mystery,F,28.0,view,573
Sci-Fi,F,28.0,view,263
Short,F,28.0,view,238
Thriller,F,28.0,view,260
War,F,28.0,view,3
Western,F,28.0,view,243
Action,F,29.0,download,58
Adventure,F,29.0,download,75
Animation,F,29.0,download,60
Biography,F,29.0,download,24
Comedy,F,29.0,download,57
Crime,F,29.0,download,25
Documentary,F,29.0,download,24
Fantasy,F,29.0,download,22
History,F,29.0,download,33
Horror,F,29.0,download,21
Musical,F,29.0,download,81
Mystery,F,29.0,download,65
Sci-Fi,F,29.0,download,28
Short,F,29.0,download,31
Thriller,F,29.0,download,22
Western,F,29.0,download,23
Action,F,29.0,view,618
Adventure,F,29.0,view,595
Animation,F,29.0,view,559
Biography,F,29.0,view,254
Comedy,F,29.0,view,495
Crime,F,29.0,view,230
Documentary,F,29.0,view,230
Fantasy,F,29.0,view,251
History,F,29.0,view,243
Horror,F,29.0,view,252
Musical,F,29.0,view,752
Mystery,F,29.0,view,500
Sci-Fi,F,29.0,view,231
Short,F,29.0,view,245
Thriller,F,29.0,view,246
Western,F,29.0,view,273
Action,F,30.0,download,59
Adventure,F,30.0,download,58
Animation,F,30.0,download,64
Biography,F,30.0,download,26
Comedy,F,30.0,download,63
Crime,F,30.0,download,24
Documentary,F,30.0,download,31
Fantasy,F,30.0,download,25
History,F,30.0,download,20
Horror,F,30.0,download,20
Musical,F,30.0,download,84
Mystery,F,30.0,download,49
Sci-Fi,F,30.0,download,20
Short,F,30.0,download,23
Thriller,F,30.0,download,27
Western,F,30.0,download,21
Action,F,30.0,view,547
Adventure,F,30.0,view,571
Animation,F,30.0,view,463
Biography,F,30.0,view,237
Comedy,F,30.0,view,514
Crime,F,30.0,view,228
Documentary,F,30.0,view,186
Fantasy,F,30.0,view,203
History,F,30.0,view,222
Horror,F,30.0,view,224
Musical,F,30.0,view,796
Mystery,F,30.0,view,489
Sci-Fi,F,30.0,view,208
Short,F,30.0,view,232
Thriller,F,30.0,view,212
War,F,30.0,view,1
Western,F,30.0,view,228
Action,F,31.0,download,52
Adventure,F,31.0,download,65
Animation,F,31.0,download,39
Biography,F,31.0,download,30
Comedy,F,31.0,download,52
Crime,F,31.0,download,24
Documentary,F,31.0,download,23
Fantasy,F,31.0,download,18
History,F,31.0,download,19
Horror,F,31.0,download,23
Musical,F,31.0,download,80
Mystery,F,31.0,download,44
Sci-Fi,F,31.0,download,27
Short,F,31.0,download,30
Thriller,F,31.0,download,16
Western,F,31.0,download,16
Action,F,31.0,view,474
Adventure,F,31.0,view,478
Animation,F,31.0,view,432
Biography,F,31.0,view,190
Comedy,F,31.0,view,406
Crime,F,31.0,view,187
Documentary,F,31.0,view,184
Fantasy,F,31.0,view,208
History,F,31.0,view,209
Horror,F,31.0,view,180
Musical,F,31.0,view,642
Mystery,F,31.0,view,462
Sci-Fi,F,31.0,view,210
Short,F,31.0,view,190
Thriller,F,31.0,view,221
Western,F,31.0,view,190
Action,F,32.0,download,41
Adventure,F,32.0,download,43
Animation,F,32.0,download,33
Biography,F,32.0,download,16
Comedy,F,32.0,download,42
Crime,F,32.0,download,17
Documentary,F,32.0,download,27
Fantasy,F,32.0,download,17
History,F,32.0,download,18
Horror,F,32.0,download,17
Musical,F,32.0,download,51
Mystery,F,32.0,download,44
Sci-Fi,F,32.0,download,21
Short,F,32.0,download,20
Thriller,F,32.0,download,25
Western,F,32.0,download,22
Action,F,32.0,view,459
Adventure,F,32.0,view,458
Animation,F,32.0,view,434
Biography,F,32.0,view,181
Comedy,F,32.0,view,420
Crime,F,32.0,view,190
Documentary,F,32.0,view,169
Fantasy,F,32.0,view,199
History,F,32.0,view,176
Horror,F,32.0,view,159
Musical,F,32.0,view,573
Mystery,F,32.0,view,377
Sci-Fi,F,32.0,view,156
Short,F,32.0,view,155
Thriller,F,32.0,view,161
Western,F,32.0,view,191
Action,F,33.0,download,44
Adventure,F,33.0,download,50
Animation,F,33.0,download,39
Biography,F,33.0,download,28
Comedy,F,33.0,download,36
Crime,F,33.0,download,20
Documentary,F,33.0,download,17
Fantasy,F,33.0,download,14
History,F,33.0,download,17
Horror,F,33.0,download,16
Musical,F,33.0,download,53
Mystery,F,33.0,download,32
Sci-Fi,F,33.0,download,18
Short,F,33.0,download,23
Thriller,F,33.0,download,14
Western,F,33.0,download,11
Action,F,33.0,view,387
Adventure,F,33.0,view,393
Animation,F,33.0,view,334
Biography,F,33.0,view,152
Comedy,F,33.0,view,342
Crime,F,33.0,view,180
Documentary,F,33.0,view,143
Fantasy,F,33.0,view,140
History,F,33.0,view,143
Horror,F,33.0,view,169
Musical,F,33.0,view,509
Mystery,F,33.0,view,327
Sci-Fi,F,33.0,view,152
Short,F,33.0,view,158
Thriller,F,33.0,view,133
Western,F,33.0,view,150
Action,F,34.0,download,34
Adventure,F,34.0,download,32
Animation,F,34.0,download,26
Biography,F,34.0,download,14
Comedy,F,34.0,download,26
Crime,F,34.0,download,17
Documentary,F,34.0,download,17
Fantasy,F,34.0,download,21
History,F,34.0,download,11
Horror,F,34.0,download,20
Musical,F,34.0,download,40
Mystery,F,34.0,download,31
Sci-Fi,F,34.0,download,18
Short,F,34.0,download,14
Thriller,F,34.0,download,9
Western,F,34.0,download,13
Action,F,34.0,view,313
Adventure,F,34.0,view,309
Animation,F,34.0,view,271
Biography,F,34.0,view,125
Comedy,F,34.0,view,261
Crime,F,34.0,view,101
Documentary,F,34.0,view,136
Fantasy,F,34.0,view,137
History,F,34.0,view,123
Horror,F,34.0,view,121
Musical,F,34.0,view,415
Mystery,F,34.0,view,288
Sci-Fi,F,34.0,view,112
Short,F,34.0,view,131
Thriller,F,34.0,view,103
Western,F,34.0,view,109
Action,F,35.0,download,24
Adventure,F,35.0,download,23
Animation,F,35.0,download,24
Biography,F,35.0,download,11
Comedy,F,35.0,download,18
Crime,F,35.0,download,15
Documentary,F,35.0,download,12
Fantasy,F,35.0,download,9
History,F,35.0,download,9
Horror,F,35.0,download,4
Musical,F,35.0,download,32
Mystery,F,35.0,download,18
Sci-Fi,F,35.0,download,12
Short,F,35.0,download,11
Thriller,F,35.0,download,10
Western,F,35.0,download,11
Action,F,35.0,view,223
Adventure,F,35.0,view,274
Animation,F,35.0,view,232
Biography,F,35.0,view,96
Comedy,F,35.0,view,216
Crime,F,35.0,view,106
Documentary,F,35.0,view,112
Fantasy,F,35.0,view,76
History,F,35.0,view,108
Horror,F,35.0,view,108
Musical,F,35.0,view,321
Mystery,F,35.0,view,208
Sci-Fi,F,35.0,view,95
Short,F,35.0,view,83
Thriller,F,35.0,view,95
Western,F,35.0,view,123
Action,F,36.0,download,22
Adventure,F,36.0,download,22
Animation,F,36.0,download,20
Biography,F,36.0,download,8
Comedy,F,36.0,download,19
Crime,F,36.0,download,13
Documentary,F,36.0,download,10
Fantasy,F,36.0,download,8
History,F,36.0,download,10
Horror,F,36.0,download,8
Musical,F,36.0,download,23
Mystery,F,36.0,download,18
Sci-Fi,F,36.0,download,9
Short,F,36.0,download,6
Thriller,F,36.0,download,11
Western,F,36.0,download,10
Action,F,36.0,view,216
Adventure,F,36.0,view,214
Animation,F,36.0,view,183
Biography,F,36.0,view,70
Comedy,F,36.0,view,187
Crime,F,36.0,view,72
Documentary,F,36.0,view,76
Fantasy,F,36.0,view,72
History,F,36.0,view,71
Horror,F,36.0,view,82
Musical,F,36.0,view,253
Mystery,F,36.0,view,177
Sci-Fi,F,36.0,view,84
Short,F,36.0,view,69
Thriller,F,36.0,view,66
Western,F,36.0,view,88
Action,F,37.0,download,19
Adventure,F,37.0,download,15
Animation,F,37.0,download,17
Biography,F,37.0,download,4
Comedy,F,37.0,download,12
Crime,F,37.0,download,7
Documentary,F,37.0,download,6
Fantasy,F,37.0,download,8
History,F,37.0,download,2
Horror,F,37.0,download,5
Musical,F,37.0,download,15
Mystery,F,37.0,download,12
Sci-Fi,F,37.0,download,2
Thriller,F,37.0,download,8
Western,F,37.0,download,12
Action,F,37.0,view,159
Adventure,F,37.0,view,155
Animation,F,37.0,view,128
Biography,F,37.0,view,67
Comedy,F,37.0,view,167
Crime,F,37.0,view,59
Documentary,F,37.0,view,57
Fantasy,F,37.0,view,58
History,F,37.0,view,64
Horror,F,37.0,view,50
Musical,F,37.0,view,169
Mystery,F,37.0,view,146
Sci-Fi,F,37.0,view,54
Short,F,37.0,view,47
Thriller,F,37.0,view,52
Western,F,37.0,view,66
Action,F,38.0,download,11
Adventure,F,38.0,download,7
Animation,F,38.0,download,11
Biography,F,38.0,download,6
Comedy,F,38.0,download,14
Crime,F,38.0,download,6
Documentary,F,38.0,download,2
Fantasy,F,38.0,download,4
History,F,38.0,download,6
Horror,F,38.0,download,3
Musical,F,38.0,download,14
Mystery,F,38.0,download,8
Sci-Fi,F,38.0,download,6
Short,F,38.0,download,3
Thriller,F,38.0,download,3
Western,F,38.0,download,4
Action,F,38.0,view,104
Adventure,F,38.0,view,131
Animation,F,38.0,view,95
Biography,F,38.0,view,35
Comedy,F,38.0,view,108
Crime,F,38.0,view,34
Documentary,F,38.0,view,42
Fantasy,F,38.0,view,51
History,F,38.0,view,42
Horror,F,38.0,view,37
Musical,F,38.0,view,118
Mystery,F,38.0,view,94
Sci-Fi,F,38.0,view,45
Short,F,38.0,view,42
Thriller,F,38.0,view,40
Western,F,38.0,view,61
Action,F,39.0,download,8
Adventure,F,39.0,download,8
Animation,F,39.0,download,7
Biography,F,39.0,download,2
Comedy,F,39.0,download,13
Crime,F,39.0,download,1
Documentary,F,39.0,download,2
Fantasy,F,39.0,download,7
History,F,39.0,download,6
Horror,F,39.0,download,7
Musical,F,39.0,download,9
Mystery,F,39.0,download,11
Sci-Fi,F,39.0,download,2
Short,F,39.0,download,1
Thriller,F,39.0,download,6
Western,F,39.0,download,2
Action,F,39.0,view,58
Adventure,F,39.0,view,62
Animation,F,39.0,view,55
Biography,F,39.0,view,30
Comedy,F,39.0,view,66
Crime,F,39.0,view,22
Documentary,F,39.0,view,24
Fantasy,F,39.0,view,28
History,F,39.0,view,27
Horror,F,39.0,view,37
Musical,F,39.0,view,106
Mystery,F,39.0,view,73
Sci-Fi,F,39.0,view,22
Short,F,39.0,view,28
Thriller,F,39.0,view,23
Western,F,39.0,view,42
Action,F,40.0,download,6
Adventure,F,40.0,download,10
Animation,F,40.0,download,7
Biography,F,40.0,download,1
Comedy,F,40.0,download,11
Documentary,F,40.0,download,2
Fantasy,F,40.0,download,2
History,F,40.0,download,3
Horror,F,40.0,download,7
Musical,F,40.0,download,8
Mystery,F,40.0,download,6
Sci-Fi,F,40.0,download,2
Thriller,F,40.0,download,2
Western,F,40.0,download,1
Action,F,40.0,view,49
Adventure,F,40.0,view,75
Animation,F,40.0,view,50
Biography,F,40.0,view,27
Comedy,F,40.0,view,48
Crime,F,40.0,view,19
Documentary,F,40.0,view,26
Fantasy,F,40.0,view,29
History,F,40.0,view,17
Horror,F,40.0,view,22
Musical,F,40.0,view,76
Mystery,F,40.0,view,61
Sci-Fi,F,40.0,view,25
Short,F,40.0,view,24
Thriller,F,40.0,view,21
Western,F,40.0,view,26
Action,F,41.0,download,6
Adventure,F,41.0,download,3
Animation,F,41.0,download,3
Biography,F,41.0,download,2
Comedy,F,41.0,download,1
Crime,F,41.0,download,2
Documentary,F,41.0,download,1
History,F,41.0,download,1
Horror,F,41.0,download,2
Musical,F,41.0,download,2
Mystery,F,41.0,download,7
Sci-Fi,F,41.0,download,3
Short,F,41.0,download,4
Thriller,F,41.0,download,1
Western,F,41.0,download,1
Action,F,41.0,view,52
Adventure,F,41.0,view,35
Animation,F,41.0,view,30
Biography,F,41.0,view,13
Comedy,F,41.0,view,34
Crime,F,41.0,view,15
Documentary,F,41.0,view,14
Fantasy,F,41.0,view,14
History,F,41.0,view,11
Horror,F,41.0,view,11
Musical,F,41.0,view,47
Mystery,F,41.0,view,32
Sci-Fi,F,41.0,view,19
Short,F,41.0,view,22
Thriller,F,41.0,view,17
Western,F,41.0,view,15
Action,F,42.0,download,4
Adventure,F,42.0,download,4
Biography,F,42.0,download,3
Comedy,F,42.0,download,1
Crime,F,42.0,download,1
Documentary,F,42.0,download,2
Fantasy,F,42.0,download,3
History,F,42.0,download,2
Musical,F,42.0,download,6
Mystery,F,42.0,download,3
Sci-Fi,F,42.0,download,2
Short,F,42.0,download,1
Thriller,F,42.0,download,3
Western,F,42.0,download,1
Action,F,42.0,view,18
Adventure,F,42.0,view,19
Animation,F,42.0,view,22
Biography,F,42.0,view,12
Comedy,F,42.0,view,22
Crime,F,42.0,view,7
Documentary,F,42.0,view,10
Fantasy,F,42.0,view,4
History,F,42.0,view,6
Horror,F,42.0,view,4
Musical,F,42.0,view,30
Mystery,F,42.0,view,23
Sci-Fi,F,42.0,view,12
Short,F,42.0,view,8
Thriller,F,42.0,view,6
Western,F,42.0,view,12
Action,F,43.0,download,2
Adventure,F,43.0,download,3
Animation,F,43.0,download,2
Comedy,F,43.0,download,5
Crime,F,43.0,download,1
Horror,F,43.0,download,1
Musical,F,43.0,download,2
Mystery,F,43.0,download,1
Sci-Fi,F,43.0,download,1
Short,F,43.0,download,1
Thriller,F,43.0,download,3
Action,F,43.0,view,16
Adventure,F,43.0,view,15
Animation,F,43.0,view,10
Biography,F,43.0,view,8
Comedy,F,43.0,view,21
Crime,F,43.0,view,5
Documentary,F,43.0,view,5
Fantasy,F,43.0,view,4
History,F,43.0,view,8
Horror,F,43.0,view,9
Musical,F,43.0,view,25
Mystery,F,43.0,view,27
Sci-Fi,F,43.0,view,5
Short,F,43.0,view,6
Thriller,F,43.0,view,6
Western,F,43.0,view,1
Action,F,44.0,download,1
Adventure,F,44.0,download,1
Animation,F,44.0,download,2
Comedy,F,44.0,download,1
Crime,F,44.0,download,1
Documentary,F,44.0,download,1
Musical,F,44.0,download,3
Western,F,44.0,download,2
Action,F,44.0,view,12
Adventure,F,44.0,view,10
Animation,F,44.0,view,9
Comedy,F,44.0,view,7
Crime,F,44.0,view,3
Documentary,F,44.0,view,4
Fantasy,F,44.0,view,2
History,F,44.0,view,3
Horror,F,44.0,view,2
Musical,F,44.0,view,9
Mystery,F,44.0,view,11
Sci-Fi,F,44.0,view,3
Short,F,44.0,view,2
Thriller,F,44.0,view,5
Western,F,44.0,view,4
Animation,F,45.0,download,1
Biography,F,45.0,download,2
Comedy,F,45.0,download,1
Crime,F,45.0,download,1
Horror,F,45.0,download,1
Mystery,F,45.0,download,1
Sci-Fi,F,45.0,download,1
Short,F,45.0,download,1
Action,F,45.0,view,6
Adventure,F,45.0,view,5
Animation,F,45.0,view,4
Biography,F,45.0,view,1
Comedy,F,45.0,view,2
Crime,F,45.0,view,5
Documentary,F,45.0,view,3
Fantasy,F,45.0,view,1
History,F,45.0,view,1
Horror,F,45.0,view,5
Musical,F,45.0,view,7
Mystery,F,45.0,view,5
Sci-Fi,F,45.0,view,3
Short,F,45.0,view,4
Thriller,F,45.0,view,1
Western,F,45.0,view,4
Musical,F,46.0,download,1
Action,F,46.0,view,1
Adventure,F,46.0,view,4
Animation,F,46.0,view,4
Biography,F,46.0,view,2
Comedy,F,46.0,view,4
Crime,F,46.0,view,1
Fantasy,F,46.0,view,1
Musical,F,46.0,view,3
Mystery,F,46.0,view,4
Sci-Fi,F,46.0,view,1
Short,F,46.0,view,2
Thriller,F,46.0,view,2
Western,F,46.0,view,1
Mystery,F,47.0,download,1
Action,F,47.0,view,2
Adventure,F,47.0,view,2
Animation,F,47.0,view,4
Comedy,F,47.0,view,1
Mystery,F,47.0,view,2
Short,F,47.0,view,2
Action,M,18.0,download,342
Adventure,M,18.0,download,193
Animation,M,18.0,download,60
Comedy,M,18.0,download,60
Crime,M,18.0,download,49
Documentary,M,18.0,download,47
Fantasy,M,18.0,download,54
History,M,18.0,download,44
Horror,M,18.0,download,44
Mystery,M,18.0,download,57
Sci-Fi,M,18.0,download,59
Short,M,18.0,download,49
Thriller,M,18.0,download,38
War,M,18.0,download,143
Western,M,18.0,download,52
Action,M,18.0,view,3201
Adventure,M,18.0,view,1724
Animation,M,18.0,view,479
Comedy,M,18.0,view,460
Crime,M,18.0,view,449
Documentary,M,18.0,view,464
Fantasy,M,18.0,view,454
History,M,18.0,view,436
Horror,M,18.0,view,458
Mystery,M,18.0,view,479
Sci-Fi,M,18.0,view,477
Short,M,18.0,view,493
Thriller,M,18.0,view,481
War,M,18.0,view,1152
Western,M,18.0,view,462
Action,M,19.0,download,491
Adventure,M,19.0,download,300
Animation,M,19.0,download,61
Comedy,M,19.0,download,69
Crime,M,19.0,download,70
Documentary,M,19.0,download,84
Fantasy,M,19.0,download,70
History,M,19.0,download,87
Horror,M,19.0,download,74
Mystery,M,19.0,download,56
Sci-Fi,M,19.0,download,69
Short,M,19.0,download,69
Thriller,M,19.0,download,86
War,M,19.0,download,182
Western,M,19.0,download,67
Action,M,19.0,view,4420
Adventure,M,19.0,view,2515
Animation,M,19.0,view,598
Comedy,M,19.0,view,664
Crime,M,19.0,view,593
Documentary,M,19.0,view,660
Fantasy,M,19.0,view,696
History,M,19.0,view,704
Horror,M,19.0,view,663
Mystery,M,19.0,view,639
Sci-Fi,M,19.0,view,643
Short,M,19.0,view,662
Thriller,M,19.0,view,724
War,M,19.0,view,1655
Western,M,19.0,view,691
Action,M,20.0,download,661
Adventure,M,20.0,download,319
Animation,M,20.0,download,79
Comedy,M,20.0,download,100
Crime,M,20.0,download,97
Documentary,M,20.0,download,91
Fantasy,M,20.0,download,99
History,M,20.0,download,87
Horror,M,20.0,download,90
Mystery,M,20.0,download,87
Sci-Fi,M,20.0,download,96
Short,M,20.0,download,102
Thriller,M,20.0,download,81
War,M,20.0,download,214
Western,M,20.0,download,83
Action,M,20.0,view,5363
Adventure,M,20.0,view,3076
Animation,M,20.0,view,820
Comedy,M,20.0,view,811
Crime,M,20.0,view,798
Documentary,M,20.0,view,796
Fantasy,M,20.0,view,798
History,M,20.0,view,792
Horror,M,20.0,view,812
Mystery,M,20.0,view,807
Sci-Fi,M,20.0,view,810
Short,M,20.0,view,777
Thriller,M,20.0,view,857
War,M,20.0,view,1970
Western,M,20.0,view,800
Action,M,21.0,download,752
Adventure,M,21.0,download,406
Animation,M,21.0,download,98
Comedy,M,21.0,download,97
Crime,M,21.0,download,117
Documentary,M,21.0,download,111
Fantasy,M,21.0,download,114
History,M,21.0,download,101
Horror,M,21.0,download,98
Mystery,M,21.0,download,114
Sci-Fi,M,21.0,download,104
Short,M,21.0,download,99
Thriller,M,21.0,download,106
War,M,21.0,download,295
Western,M,21.0,download,100
Action,M,21.0,view,6418
Adventure,M,21.0,view,3601
Animation,M,21.0,view,1037
Comedy,M,21.0,view,961
Crime,M,21.0,view,984
Documentary,M,21.0,view,947
Fantasy,M,21.0,view,954
History,M,21.0,view,939
Horror,M,21.0,view,960
Mystery,M,21.0,view,952
Sci-Fi,M,21.0,view,979
Short,M,21.0,view,995
Thriller,M,21.0,view,973
War,M,21.0,view,2377
Western,M,21.0,view,965
Action,M,22.0,download,795
Adventure,M,22.0,download,433
Animation,M,22.0,download,94
Comedy,M,22.0,download,139
Crime,M,22.0,download,111
Documentary,M,22.0,download,108
Fantasy,M,22.0,download,119
History,M,22.0,download,113
Horror,M,22.0,download,100
Mystery,M,22.0,download,117
Sci-Fi,M,22.0,download,126
Short,M,22.0,download,133
Thriller,M,22.0,download,119
War,M,22.0,download,282
Western,M,22.0,download,129
Action,M,22.0,view,7276
Adventure,M,22.0,view,4125
Animation,M,22.0,view,1084
Comedy,M,22.0,view,1028
Crime,M,22.0,view,1113
Documentary,M,22.0,view,1065
Fantasy,M,22.0,view,1152
History,M,22.0,view,1051
Horror,M,22.0,view,1065
Mystery,M,22.0,view,1085
Sci-Fi,M,22.0,view,1097
Short,M,22.0,view,1014
Thriller,M,22.0,view,1114
War,M,22.0,view,2712
Western,M,22.0,view,1093
Action,M,23.0,download,909
Adventure,M,23.0,download,484
Animation,M,23.0,download,141
Comedy,M,23.0,download,154
Crime,M,23.0,download,128
Documentary,M,23.0,download,132
Fantasy,M,23.0,download,146
History,M,23.0,download,120
Horror,M,23.0,download,131
Mystery,M,23.0,download,118
Sci-Fi,M,23.0,download,106
Short,M,23.0,download,137
Thriller,M,23.0,download,122
War,M,23.0,download,327
Western,M,23.0,download,112
Action,M,23.0,view,7791
Adventure,M,23.0,view,4311
Animation,M,23.0,view,1129
Comedy,M,23.0,view,1158
Crime,M,23.0,view,1160
Documentary,M,23.0,view,1118
Fantasy,M,23.0,view,1155
History,M,23.0,view,1174
Horror,M,23.0,view,1207
Mystery,M,23.0,view,1165
Sci-Fi,M,23.0,view,1199
Short,M,23.0,view,1194
Thriller,M,23.0,view,1205
War,M,23.0,view,2871
Western,M,23.0,view,1201
Action,M,24.0,download,903
Adventure,M,24.0,download,462
Animation,M,24.0,download,127
Comedy,M,24.0,download,134
Crime,M,24.0,download,129
Documentary,M,24.0,download,132
Fantasy,M,24.0,download,145
History,M,24.0,download,144
Horror,M,24.0,download,147
Mystery,M,24.0,download,154
Sci-Fi,M,24.0,download,167
Short,M,24.0,download,136
Thriller,M,24.0,download,149
War,M,24.0,download,295
Western,M,24.0,download,139
Action,M,24.0,view,8416
Adventure,M,24.0,view,4545
Animation,M,24.0,view,1249
Comedy,M,24.0,view,1232
Crime,M,24.0,view,1256
Documentary,M,24.0,view,1220
Fantasy,M,24.0,view,1198
History,M,24.0,view,1264
Horror,M,24.0,view,1235
Mystery,M,24.0,view,1231
Sci-Fi,M,24.0,view,1292
Short,M,24.0,view,1221
Thriller,M,24.0,view,1246
War,M,24.0,view,3073
Western,M,24.0,view,1238
Action,M,25.0,download,956
Adventure,M,25.0,download,493
Animation,M,25.0,download,112
Comedy,M,25.0,download,145
Crime,M,25.0,download,142
Documentary,M,25.0,download,142
Fantasy,M,25.0,download,124
History,M,25.0,download,129
Horror,M,25.0,download,143
Mystery,M,25.0,download,122
Sci-Fi,M,25.0,download,137
Short,M,25.0,download,146
Thriller,M,25.0,download,150
War,M,25.0,download,348
Western,M,25.0,download,154
Action,M,25.0,view,8343
Adventure,M,25.0,view,4587
Animation,M,25.0,view,1302
Comedy,M,25.0,view,1272
Crime,M,25.0,view,1279
Documentary,M,25.0,view,1236
Fantasy,M,25.0,view,1215
History,M,25.0,view,1235
Horror,M,25.0,view,1268
Mystery,M,25.0,view,1274
Sci-Fi,M,25.0,view,1287
Short,M,25.0,view,1223
Thriller,M,25.0,view,1232
War,M,25.0,view,3094
Western,M,25.0,view,1319
Action,M,26.0,download,925
Adventure,M,26.0,download,555
Animation,M,26.0,download,134
Comedy,M,26.0,download,140
Crime,M,26.0,download,137
Documentary,M,26.0,download,129
Fantasy,M,26.0,download,134
History,M,26.0,download,152
Horror,M,26.0,download,136
Mystery,M,26.0,download,124
Sci-Fi,M,26.0,download,127
Short,M,26.0,download,145
Thriller,M,26.0,download,113
War,M,26.0,download,325
Western,M,26.0,download,126
Action,M,26.0,view,8069
Adventure,M,26.0,view,4389
Animation,M,26.0,view,1158
Comedy,M,26.0,view,1223
Crime,M,26.0,view,1194
Documentary,M,26.0,view,1217
Fantasy,M,26.0,view,1179
History,M,26.0,view,1199
Horror,M,26.0,view,1167
Mystery,M,26.0,view,1241
Sci-Fi,M,26.0,view,1230
Short,M,26.0,view,1216
Thriller,M,26.0,view,1219
War,M,26.0,view,3068
Western,M,26.0,view,1278
Action,M,27.0,download,853
Adventure,M,27.0,download,443
Animation,M,27.0,download,116
Comedy,M,27.0,download,109
Crime,M,27.0,download,112
Documentary,M,27.0,download,108
Fantasy,M,27.0,download,124
History,M,27.0,download,124
Horror,M,27.0,download,114
Mystery,M,27.0,download,129
Sci-Fi,M,27.0,download,117
Short,M,27.0,download,110
Thriller,M,27.0,download,119
War,M,27.0,download,320
Western,M,27.0,download,138
Action,M,27.0,view,7465
Adventure,M,27.0,view,4085
Animation,M,27.0,view,1081
Comedy,M,27.0,view,1091
Crime,M,27.0,view,1105
Documentary,M,27.0,view,1138
Fantasy,M,27.0,view,1117
History,M,27.0,view,1090
Horror,M,27.0,view,1077
Mystery,M,27.0,view,1097
Sci-Fi,M,27.0,view,1089
Short,M,27.0,view,1097
Thriller,M,27.0,view,1136
War,M,27.0,view,2757
Western,M,27.0,view,1142
Action,M,28.0,download,706
Adventure,M,28.0,download,415
Animation,M,28.0,download,122
Comedy,M,28.0,download,114
Crime,M,28.0,download,108
Documentary,M,28.0,download,108
Fantasy,M,28.0,download,96
History,M,28.0,download,122
Horror,M,28.0,download,128
Mystery,M,28.0,download,120
Sci-Fi,M,28.0,download,125
Short,M,28.0,download,109
Thriller,M,28.0,download,97
War,M,28.0,download,307
Western,M,28.0,download,102
Action,M,28.0,view,6723
Adventure,M,28.0,view,3735
Animation,M,28.0,view,966
Comedy,M,28.0,view,984
Crime,M,28.0,view,981
Documentary,M,28.0,view,1003
Fantasy,M,28.0,view,1008
History,M,28.0,view,964
Horror,M,28.0,view,931
Mystery,M,28.0,view,1046
Sci-Fi,M,28.0,view,947
Short,M,28.0,view,936
Thriller,M,28.0,view,1018
War,M,28.0,view,2522
Western,M,28.0,view,1016
Action,M,29.0,download,621
Adventure,M,29.0,download,368
Animation,M,29.0,download,90
Comedy,M,29.0,download,84
Crime,M,29.0,download,110
Documentary,M,29.0,download,94
Fantasy,M,29.0,download,84
History,M,29.0,download,101
Horror,M,29.0,download,101
Mystery,M,29.0,download,81
Sci-Fi,M,29.0,download,86
Short,M,29.0,download,96
Thriller,M,29.0,download,83
War,M,29.0,download,231
Western,M,29.0,download,98
Action,M,29.0,view,5835
Adventure,M,29.0,view,3190
Animation,M,29.0,view,836
Biography,M,29.0,view,2
Comedy,M,29.0,view,885
Crime,M,29.0,view,888
Documentary,M,29.0,view,861
Fantasy,M,29.0,view,851
History,M,29.0,view,841
Horror,M,29.0,view,872
Musical,M,29.0,view,2
Mystery,M,29.0,view,809
Sci-Fi,M,29.0,view,824
Short,M,29.0,view,831
Thriller,M,29.0,view,839
War,M,29.0,view,2085
Western,M,29.0,view,801
Action,M,30.0,download,497
Adventure,M,30.0,download,272
Animation,M,30.0,download,82
Comedy,M,30.0,download,79
Crime,M,30.0,download,80
Documentary,M,30.0,download,68
Fantasy,M,30.0,download,85
History,M,30.0,download,73
Horror,M,30.0,download,77
Mystery,M,30.0,download,70
Sci-Fi,M,30.0,download,82
Short,M,30.0,download,65
Thriller,M,30.0,download,77
War,M,30.0,download,174
Western,M,30.0,download,75
Action,M,30.0,view,4707
Adventure,M,30.0,view,2593
Animation,M,30.0,view,695
Comedy,M,30.0,view,712
Crime,M,30.0,view,695
Documentary,M,30.0,view,697
Fantasy,M,30.0,view,699
History,M,30.0,view,679
Horror,M,30.0,view,720
Mystery,M,30.0,view,674
Sci-Fi,M,30.0,view,673
Short,M,30.0,view,688
Thriller,M,30.0,view,722
War,M,30.0,view,1726
Western,M,30.0,view,713
Action,M,31.0,download,459
Adventure,M,31.0,download,248
Animation,M,31.0,download,67
Comedy,M,31.0,download,68
Crime,M,31.0,download,62
Documentary,M,31.0,download,66
Fantasy,M,31.0,download,60
History,M,31.0,download,52
Horror,M,31.0,download,65
Mystery,M,31.0,download,55
Sci-Fi,M,31.0,download,59
Short,M,31.0,download,69
Thriller,M,31.0,download,62
War,M,31.0,download,139
Western,M,31.0,download,73
Action,M,31.0,view,3755
Adventure,M,31.0,view,2073
Animation,M,31.0,view,575
Comedy,M,31.0,view,567
Crime,M,31.0,view,571
Documentary,M,31.0,view,521
Fantasy,M,31.0,view,573
History,M,31.0,view,565
Horror,M,31.0,view,587
Mystery,M,31.0,view,598
Sci-Fi,M,31.0,view,548
Short,M,31.0,view,560
Thriller,M,31.0,view,540
War,M,31.0,view,1385
Western,M,31.0,view,550
Action,M,32.0,download,321
Adventure,M,32.0,download,179
Animation,M,32.0,download,45
Comedy,M,32.0,download,53
Crime,M,32.0,download,53
Documentary,M,32.0,download,58
Fantasy,M,32.0,download,33
History,M,32.0,download,48
Horror,M,32.0,download,59
Mystery,M,32.0,download,47
Sci-Fi,M,32.0,download,53
Short,M,32.0,download,52
Thriller,M,32.0,download,38
War,M,32.0,download,117
Western,M,32.0,download,53
Action,M,32.0,view,2799
Adventure,M,32.0,view,1547
Animation,M,32.0,view,423
Comedy,M,32.0,view,444
Crime,M,32.0,view,434
Documentary,M,32.0,view,416
Fantasy,M,32.0,view,428
History,M,32.0,view,405
Horror,M,32.0,view,411
Mystery,M,32.0,view,437
Sci-Fi,M,32.0,view,432
Short,M,32.0,view,408
Thriller,M,32.0,view,436
War,M,32.0,view,1070
Western,M,32.0,view,414
Action,M,33.0,download,237
Adventure,M,33.0,download,144
Animation,M,33.0,download,28
Comedy,M,33.0,download,39
Crime,M,33.0,download,32
Documentary,M,33.0,download,27
Fantasy,M,33.0,download,41
History,M,33.0,download,38
Horror,M,33.0,download,44
Mystery,M,33.0,download,35
Sci-Fi,M,33.0,download,37
Short,M,33.0,download,37
Thriller,M,33.0,download,37
War,M,33.0,download,78
Western,M,33.0,download,36
Action,M,33.0,view,2152
Adventure,M,33.0,view,1113
Animation,M,33.0,view,317
Comedy,M,33.0,view,310
Crime,M,33.0,view,310
Documentary,M,33.0,view,296
Fantasy,M,33.0,view,313
History,M,33.0,view,308
Horror,M,33.0,view,313
Musical,M,33.0,view,1
Mystery,M,33.0,view,327
Sci-Fi,M,33.0,view,292
Short,M,33.0,view,324
Thriller,M,33.0,view,303
War,M,33.0,view,792
Western,M,33.0,view,310
Action,M,34.0,download,165
Adventure,M,34.0,download,97
Animation,M,34.0,download,29
Comedy,M,34.0,download,21
Crime,M,34.0,download,35
Documentary,M,34.0,download,23
Fantasy,M,34.0,download,30
History,M,34.0,download,23
Horror,M,34.0,download,19
Mystery,M,34.0,download,25
Sci-Fi,M,34.0,download,22
Short,M,34.0,download,16
Thriller,M,34.0,download,23
War,M,34.0,download,52
Western,M,34.0,download,21
Action,M,34.0,view,1436
Adventure,M,34.0,view,852
Animation,M,34.0,view,226
Comedy,M,34.0,view,214
Crime,M,34.0,view,214
Documentary,M,34.0,view,214
Fantasy,M,34.0,view,228
History,M,34.0,view,224
Horror,M,34.0,view,196
Mystery,M,34.0,view,242
Sci-Fi,M,34.0,view,258
Short,M,34.0,view,228
Thriller,M,34.0,view,223
War,M,34.0,view,527
Western,M,34.0,view,202
Action,M,35.0,download,97
Adventure,M,35.0,download,65
Animation,M,35.0,download,12
Comedy,M,35.0,download,17
Crime,M,35.0,download,12
Documentary,M,35.0,download,20
Fantasy,M,35.0,download,19
History,M,35.0,download,14
Horror,M,35.0,download,25
Mystery,M,35.0,download,20
Sci-Fi,M,35.0,download,20
Short,M,35.0,download,22
Thriller,M,35.0,download,25
War,M,35.0,download,41
Western,M,35.0,download,14
Action,M,35.0,view,940
Adventure,M,35.0,view,557
Animation,M,35.0,view,161
Comedy,M,35.0,view,137
Crime,M,35.0,view,160
Documentary,M,35.0,view,130
Fantasy,M,35.0,view,131
History,M,35.0,view,145
Horror,M,35.0,view,136
Mystery,M,35.0,view,132
Sci-Fi,M,35.0,view,156
Short,M,35.0,view,144
Thriller,M,35.0,view,143
War,M,35.0,view,389
Western,M,35.0,view,146
Action,M,36.0,download,70
Adventure,M,36.0,download,38
Animation,M,36.0,download,6
Comedy,M,36.0,download,10
Crime,M,36.0,download,10
Documentary,M,36.0,download,9
Fantasy,M,36.0,download,10
History,M,36.0,download,13
Horror,M,36.0,download,10
Mystery,M,36.0,download,11
Sci-Fi,M,36.0,download,15
Short,M,36.0,download,10
Thriller,M,36.0,download,9
War,M,36.0,download,24
Western,M,36.0,download,10
Action,M,36.0,view,625
Adventure,M,36.0,view,311
Animation,M,36.0,view,71
Comedy,M,36.0,view,74
Crime,M,36.0,view,76
Documentary,M,36.0,view,91
Fantasy,M,36.0,view,103
History,M,36.0,view,101
Horror,M,36.0,view,90
Mystery,M,36.0,view,94
Sci-Fi,M,36.0,view,85
Short,M,36.0,view,94
Thriller,M,36.0,view,96
War,M,36.0,view,239
Western,M,36.0,view,89
Action,M,37.0,download,47
Adventure,M,37.0,download,38
Animation,M,37.0,download,10
Comedy,M,37.0,download,9
Crime,M,37.0,download,5
Documentary,M,37.0,download,10
Fantasy,M,37.0,download,9
History,M,37.0,download,8
Horror,M,37.0,download,7
Mystery,M,37.0,download,5
Sci-Fi,M,37.0,download,7
Short,M,37.0,download,11
Thriller,M,37.0,download,4
War,M,37.0,download,12
Western,M,37.0,download,5
Action,M,37.0,view,385
Adventure,M,37.0,view,207
Animation,M,37.0,view,62
Comedy,M,37.0,view,65
Crime,M,37.0,view,54
Documentary,M,37.0,view,68
Fantasy,M,37.0,view,72
History,M,37.0,view,56
Horror,M,37.0,view,58
Mystery,M,37.0,view,59
Sci-Fi,M,37.0,view,76
Short,M,37.0,view,61
Thriller,M,37.0,view,59
War,M,37.0,view,137
Western,M,37.0,view,65
Action,M,38.0,download,33
Adventure,M,38.0,download,11
Animation,M,38.0,download,3
Comedy,M,38.0,download,3
Crime,M,38.0,download,5
Documentary,M,38.0,download,3
Fantasy,M,38.0,download,6
History,M,38.0,download,3
Horror,M,38.0,download,5
Mystery,M,38.0,download,3
Sci-Fi,M,38.0,download,7
Short,M,38.0,download,4
Thriller,M,38.0,download,3
War,M,38.0,download,7
Western,M,38.0,download,7
Action,M,38.0,view,268
Adventure,M,38.0,view,162
Animation,M,38.0,view,32
Comedy,M,38.0,view,48
Crime,M,38.0,view,37
Documentary,M,38.0,view,32
Fantasy,M,38.0,view,35
History,M,38.0,view,41
Horror,M,38.0,view,40
Mystery,M,38.0,view,37
Sci-Fi,M,38.0,view,39
Short,M,38.0,view,42
Thriller,M,38.0,view,42
War,M,38.0,view,109
Western,M,38.0,view,37
Action,M,39.0,download,21
Adventure,M,39.0,download,13
Animation,M,39.0,download,2
Comedy,M,39.0,download,3
Crime,M,39.0,download,2
Documentary,M,39.0,download,1
Fantasy,M,39.0,download,3
History,M,39.0,download,5
Horror,M,39.0,download,3
Mystery,M,39.0,download,2
Sci-Fi,M,39.0,download,3
Short,M,39.0,download,2
Thriller,M,39.0,download,3
War,M,39.0,download,5
Western,M,39.0,download,2
Action,M,39.0,view,161
Adventure,M,39.0,view,85
Animation,M,39.0,view,24
Comedy,M,39.0,view,26
Crime,M,39.0,view,16
Documentary,M,39.0,view,18
Fantasy,M,39.0,view,21
History,M,39.0,view,20
Horror,M,39.0,view,32
Mystery,M,39.0,view,14
Sci-Fi,M,39.0,view,22
Short,M,39.0,view,18
Thriller,M,39.0,view,20
War,M,39.0,view,49
Western,M,39.0,view,23
Action,M,40.0,download,6
Adventure,M,40.0,download,3
Comedy,M,40.0,download,1
Crime,M,40.0,download,1
Documentary,M,40.0,download,2
Fantasy,M,40.0,download,2
History,M,40.0,download,1
Horror,M,40.0,download,2
Mystery,M,40.0,download,2
Thriller,M,40.0,download,1
War,M,40.0,download,1
Western,M,40.0,download,2
Action,M,40.0,view,86
Adventure,M,40.0,view,37
Animation,M,40.0,view,11
Comedy,M,40.0,view,7
Crime,M,40.0,view,9
Documentary,M,40.0,view,14
Fantasy,M,40.0,view,10
History,M,40.0,view,10
Horror,M,40.0,view,14
Mystery,M,40.0,view,7
Sci-Fi,M,40.0,view,6
Short,M,40.0,view,10
Thriller,M,40.0,view,8
War,M,40.0,view,25
Western,M,40.0,view,12
Action,M,41.0,download,2
Adventure,M,41.0,download,2
Comedy,M,41.0,download,1
Sci-Fi,M,41.0,download,1
Short,M,41.0,download,1
War,M,41.0,download,2
Action,M,41.0,view,30
Adventure,M,41.0,view,14
Animation,M,41.0,view,3
Comedy,M,41.0,view,4
Crime,M,41.0,view,1
Documentary,M,41.0,view,1
Fantasy,M,41.0,view,5
History,M,41.0,view,3
Horror,M,41.0,view,4
Mystery,M,41.0,view,4
Sci-Fi,M,41.0,view,5
Short,M,41.0,view,3
Thriller,M,41.0,view,5
War,M,41.0,view,3
Western,M,41.0,view,7
Adventure,M,42.0,download,1
Crime,M,42.0,download,2
Documentary,M,42.0,download,1
Horror,M,42.0,download,1
Mystery,M,42.0,download,1
Short,M,42.0,download,1
War,M,42.0,download,1
Western,M,42.0,download,2
Action,M,42.0,view,17
Adventure,M,42.0,view,16
Animation,M,42.0,view,4
Comedy,M,42.0,view,2
Crime,M,42.0,view,3
Documentary,M,42.0,view,6
Fantasy,M,42.0,view,1
History,M,42.0,view,1
Horror,M,42.0,view,3
Mystery,M,42.0,view,3
Sci-Fi,M,42.0,view,3
Short,M,42.0,view,2
Thriller,M,42.0,view,4
War,M,42.0,view,8
Western,M,42.0,view,2
Action,M,43.0,download,1
Adventure,M,43.0,download,1
Crime,M,43.0,download,1
Thriller,M,43.0,download,1
Western,M,43.0,download,1
Action,M,43.0,view,9
Adventure,M,43.0,view,4
Comedy,M,43.0,view,5
Crime,M,43.0,view,1
Documentary,M,43.0,view,2
Fantasy,M,43.0,view,2
History,M,43.0,view,2
Horror,M,43.0,view,2
Mystery,M,43.0,view,1
Sci-Fi,M,43.0,view,1
Short,M,43.0,view,2
Thriller,M,43.0,view,2
War,M,43.0,view,1
